AccountCode,Description,SubTotal,TotalTax,TotalAmount,Date,AccountID,AccountName,Type,CurrencyCode,Status,TransactionID
7601,PHM Monthly Fee,410.0,82.0,492.0,2021-07-01,88463645-3718-4cc7-8975-fc8dfa1f291e,,SPEND,GBP,AUTHORISED,0c917cd0-0104-40e0-95bb-fa387fa3c7a7
2220,Net Wages Paid,929.56,0.0,929.56,2021-07-02,88463645-3718-4cc7-8975-fc8dfa1f291e,,SPEND,GBP,AUTHORISED,6aeb4f4f-fb62-45a2-8ff7-7f6299d8ebed
2503,,5000.0,0.0,5000.0,2021-07-05,88463645-3718-4cc7-8975-fc8dfa1f291e,,SPEND,GBP,AUTHORISED,6c2af890-d4dc-42de-8ff9-cb500f644fde
7911,Bank Charges,14.56,0.0,14.56,2021-07-05,88463645-3718-4cc7-8975-fc8dfa1f291e,,SPEND,GBP,AUTHORISED,a0add313-b4a3-431e-8915-0819bceb9426
7901,Bank Charges,17.0,0.0,17.0,2021-07-12,88463645-3718-4cc7-8975-fc8dfa1f291e,,SPEND,GBP,AUTHORISED,5cffda45-0fe3-457d-a7e2-3f7d0fee927e
7901,Bank Charges,22.13,0.0,22.13,2021-07-13,88463645-3718-4cc7-8975-fc8dfa1f291e,,SPEND,GBP,AUTHORISED,e28d8fe6-a81a-4f42-9b84-cfe031baf78b
7900,,52.99,0.0,52.99,2021-07-11,b69a3ffc-737f-4b9c-a422-537ab5f55ae8,,SPEND,GBP,AUTHORISED,7465c35f-9d9b-4c63-a91b-5c5ee92a0079
2220,Net Wages Paid,929.76,0.0,929.76,2021-07-16,88463645-3718-4cc7-8975-fc8dfa1f291e,,SPEND,GBP,AUTHORISED,2b3b896c-6d3d-4955-9f8c-b23175a1511f
1205,Bank Transfer to HSBC Credit Card.,,,114.0,2021-07-19,88463645-3718-4cc7-8975-fc8dfa1f291e,,SPEND-TRANSFER,GBP,AUTHORISED,ca319f4c-76a1-4039-9b0f-a1b3e2894f36
2210,,460.68,0.0,460.68,2021-07-19,88463645-3718-4cc7-8975-fc8dfa1f291e,,SPEND,GBP,AUTHORISED,bbb83666-484a-4b21-b6a0-adbb32a458ee
7911,Bank Charges,5.14,0.0,5.14,2021-07-19,88463645-3718-4cc7-8975-fc8dfa1f291e,,SPEND,GBP,AUTHORISED,fd3f6f32-08eb-4090-a69b-6f67f38c06b0
7901,Bank Charges,17.0,0.0,17.0,2021-07-21,88463645-3718-4cc7-8975-fc8dfa1f291e,,SPEND,GBP,AUTHORISED,d6282b2e-e2cf-4bc5-a61e-97903663adac
7901,,22.34,0.0,22.34,2021-07-22,88463645-3718-4cc7-8975-fc8dfa1f291e,,SPEND,GBP,AUTHORISED,97418497-f019-4693-852d-79c4adc8b7d5
7911,Bank Charges,3.81,0.0,3.81,2021-07-26,88463645-3718-4cc7-8975-fc8dfa1f291e,,SPEND,GBP,AUTHORISED,9a93852f-12c4-4374-beef-e80e4c3e4c69
7901,Non-Sterling Transaction Fee,1.08,0.0,1.08,2021-07-26,88463645-3718-4cc7-8975-fc8dfa1f291e,,SPEND,GBP,AUTHORISED,6b6bbbcf-b301-488a-9202-16d521b2f10f
2220,,929.76,0.0,929.76,2021-07-30,88463645-3718-4cc7-8975-fc8dfa1f291e,,SPEND,GBP,AUTHORISED,abac99fb-aab4-4637-9b59-7ffb51ea3b75
7901,,12.5,0.0,12.5,2021-07-30,88463645-3718-4cc7-8975-fc8dfa1f291e,,SPEND,GBP,AUTHORISED,33aba523-584d-4f7e-af65-efbc072d34a0
7601,PHM Monthly Fee,410.0,82.0,492.0,2021-08-02,88463645-3718-4cc7-8975-fc8dfa1f291e,,SPEND,GBP,AUTHORISED,0c72bdf4-d9d7-48fc-a786-25ae12daa729
2503,,5000.0,0.0,5000.0,2021-08-03,88463645-3718-4cc7-8975-fc8dfa1f291e,,SPEND,GBP,AUTHORISED,913c9672-a1fe-4108-afe2-fdd856f30ac5
7911,Bank Charges,11.05,0.0,11.05,2021-08-02,88463645-3718-4cc7-8975-fc8dfa1f291e,,SPEND,GBP,AUTHORISED,51093c62-b328-47f0-8832-ba1439350d93
7901,Bank Charges,17.0,0.0,17.0,2021-08-06,88463645-3718-4cc7-8975-fc8dfa1f291e,,SPEND,GBP,AUTHORISED,79adbfb0-e0ab-479f-ad10-17602963677d
7901,Bank Charges,22.12,0.0,22.12,2021-08-09,88463645-3718-4cc7-8975-fc8dfa1f291e,,SPEND,GBP,AUTHORISED,9f20a256-3361-4aee-888f-571872b16047
7911,Bank Charges,7.35,0.0,7.35,2021-08-09,88463645-3718-4cc7-8975-fc8dfa1f291e,,SPEND,GBP,AUTHORISED,d16e49ed-6e96-46de-8ab9-6db359559b7b
2202,,7975.74,0.0,7975.74,2021-08-11,88463645-3718-4cc7-8975-fc8dfa1f291e,,SPEND,GBP,AUTHORISED,840711a4-8577-487b-9edc-6df0d8674ce8
2220,,929.76,0.0,929.76,2021-08-13,88463645-3718-4cc7-8975-fc8dfa1f291e,,SPEND,GBP,AUTHORISED,f6dbd31a-3969-4584-9310-8c81c68bb0f1
1211,Bank Transfer from GBP.,,,114.0,2021-07-19,b69a3ffc-737f-4b9c-a422-537ab5f55ae8,,RECEIVE-TRANSFER,GBP,AUTHORISED,2e903ac2-12a0-4a99-8c96-b88999a88768
7900,,49.0,0.0,49.0,2021-08-10,b69a3ffc-737f-4b9c-a422-537ab5f55ae8,,SPEND,GBP,AUTHORISED,f1ed6791-0b38-4302-b1b6-fb34e586441d
1205,Bank Transfer to HSBC Credit Card.,,,109.0,2021-08-17,88463645-3718-4cc7-8975-fc8dfa1f291e,,SPEND-TRANSFER,GBP,AUTHORISED,385b5ca3-d615-4399-b8e4-5aef303ef13f
7911,Bank Charges,2.27,0.0,2.27,2021-08-16,88463645-3718-4cc7-8975-fc8dfa1f291e,,SPEND,GBP,AUTHORISED,0750ac5a-365c-43d6-8e0e-b79b497ae9ee
2210,,460.48,0.0,460.48,2021-08-19,88463645-3718-4cc7-8975-fc8dfa1f291e,,SPEND,GBP,AUTHORISED,81298a5b-b297-4045-a475-6fb9b4c061c4
7901,Non-Sterling Transaction Fee,1.08,0.0,1.08,2021-08-25,88463645-3718-4cc7-8975-fc8dfa1f291e,,SPEND,GBP,AUTHORISED,a08cf873-26a9-435b-ac8a-17c410fd52df
7911,Bank Charges,4.47,0.0,4.47,2021-08-23,88463645-3718-4cc7-8975-fc8dfa1f291e,,SPEND,GBP,AUTHORISED,aceccaef-32f8-4516-9777-86d1714223bc
2220,,929.76,0.0,929.76,2021-08-27,88463645-3718-4cc7-8975-fc8dfa1f291e,,SPEND,GBP,AUTHORISED,2a2de555-2f49-43ec-bc0e-6bd5e00afb61
7901,,12.5,0.0,12.5,2021-08-30,88463645-3718-4cc7-8975-fc8dfa1f291e,,SPEND,GBP,AUTHORISED,7bb22fa3-d35a-4110-8833-8bc238b0c437
7901,Bank Charges,17.0,0.0,17.0,2021-08-27,88463645-3718-4cc7-8975-fc8dfa1f291e,,SPEND,GBP,AUTHORISED,2661e376-7612-42b2-aa2c-6791497516ce
7901,,22.27,0.0,22.27,2021-08-31,88463645-3718-4cc7-8975-fc8dfa1f291e,,SPEND,GBP,AUTHORISED,879ef820-962a-413f-ad74-23e695d07bac
7601,PHM Monthly Fee,410.0,82.0,492.0,2021-09-01,88463645-3718-4cc7-8975-fc8dfa1f291e,,SPEND,GBP,AUTHORISED,e1a64cf1-a9e9-484f-a0bd-76591ac260ea
2220,,929.76,0.0,929.76,2021-09-10,88463645-3718-4cc7-8975-fc8dfa1f291e,,SPEND,GBP,AUTHORISED,908ca9cf-3bba-4f86-8d6d-a602c663bdb4
7901,Non-Sterling Transaction Fee,108.77,0.0,108.77,2021-09-10,88463645-3718-4cc7-8975-fc8dfa1f291e,,SPEND,GBP,AUTHORISED,395663be-38bd-43e8-99f5-ea778bf41987
7901,,22.17,0.0,22.17,2021-09-13,88463645-3718-4cc7-8975-fc8dfa1f291e,,SPEND,GBP,AUTHORISED,c7ccd043-e7bb-4bd8-92fe-088bd5aa2f82
7901,Bank Charges,17.0,0.0,17.0,2021-09-10,88463645-3718-4cc7-8975-fc8dfa1f291e,,SPEND,GBP,AUTHORISED,6af60333-1a3a-47a2-8dad-834af2d7f125
1205,Bank Transfer to HSBC Credit Card.,,,108.0,2021-09-16,88463645-3718-4cc7-8975-fc8dfa1f291e,,SPEND-TRANSFER,GBP,AUTHORISED,ab3af20d-109a-4eda-adb8-3b896e00837f
2210,,460.48,0.0,460.48,2021-09-20,88463645-3718-4cc7-8975-fc8dfa1f291e,,SPEND,GBP,AUTHORISED,9dd9a3dd-9075-4dc5-8f74-a626805a4b9a
1211,Bank Transfer from GBP.,,,109.0,2021-08-17,b69a3ffc-737f-4b9c-a422-537ab5f55ae8,,RECEIVE-TRANSFER,GBP,AUTHORISED,539c9db6-62c2-4f35-b8f2-4d1d6d465e7e
7900,,48.21,0.0,48.21,2021-09-09,b69a3ffc-737f-4b9c-a422-537ab5f55ae8,,SPEND,GBP,AUTHORISED,5d02993d-0fa6-42c4-833c-9182044073d9
2220,,929.56,0.0,929.56,2021-09-24,88463645-3718-4cc7-8975-fc8dfa1f291e,,SPEND,GBP,AUTHORISED,930f7640-7250-4563-854b-058abe622287
7901,Non-Sterling Transaction Fee,1.47,0.0,1.47,2021-09-24,88463645-3718-4cc7-8975-fc8dfa1f291e,,SPEND,GBP,AUTHORISED,49e1c050-cdc6-45c0-a872-02fd633f75a8
7601,PHM Monthly Fee,410.0,82.0,492.0,2021-10-01,88463645-3718-4cc7-8975-fc8dfa1f291e,,SPEND,GBP,AUTHORISED,b0785a7b-1756-4e00-8322-762e58c11bbd
2503,,5000.0,0.0,5000.0,2021-10-06,88463645-3718-4cc7-8975-fc8dfa1f291e,,SPEND,GBP,AUTHORISED,8b2dc059-b487-41fb-92ef-5a20aa404476
7911,Bank Charges,14.88,0.0,14.88,2021-10-04,88463645-3718-4cc7-8975-fc8dfa1f291e,,SPEND,GBP,AUTHORISED,a6ecaf0d-5334-4390-8f94-5674834ff0a9
2220,,929.76,0.0,929.76,2021-10-08,88463645-3718-4cc7-8975-fc8dfa1f291e,,SPEND,GBP,AUTHORISED,273021ab-ad52-442c-bfc7-f1c579d85d6b
7911,Bank Charges,9.0,0.0,9.0,2021-10-11,88463645-3718-4cc7-8975-fc8dfa1f291e,,SPEND,GBP,AUTHORISED,5009ddda-4df3-4025-9f37-1057b2ed1c24
7908,,3.17,0.0,3.17,2021-07-18,402f14a4-0e1a-4e18-ae13-402bccd2f039,,SPEND,GBP,AUTHORISED,f4347efc-c4d8-4d0f-a941-0f386e9f2b1e
7908,,4.65,0.0,4.65,2021-07-21,402f14a4-0e1a-4e18-ae13-402bccd2f039,,SPEND,GBP,AUTHORISED,818bf4bf-0e56-4de0-a19c-4e56a4b53f0f
7908,,2.41,0.0,2.41,2021-07-24,402f14a4-0e1a-4e18-ae13-402bccd2f039,,SPEND,GBP,AUTHORISED,f3ab076c-b418-4fac-a704-7a0570462b50
7908,,2.79,0.0,2.79,2021-07-27,402f14a4-0e1a-4e18-ae13-402bccd2f039,,SPEND,GBP,AUTHORISED,be037bb9-935a-47e1-b526-e3ff0476bd68
7908,,3.64,0.0,3.64,2021-07-27,402f14a4-0e1a-4e18-ae13-402bccd2f039,,SPEND,GBP,AUTHORISED,05f5d51d-40c4-4c02-a81f-8f834ac861f6
7908,,2.22,0.0,2.22,2021-07-27,402f14a4-0e1a-4e18-ae13-402bccd2f039,,SPEND,GBP,AUTHORISED,80f71fe7-84f8-4745-a2e0-3d6af2dd615c
7908,,2.3,0.0,2.3,2021-08-16,402f14a4-0e1a-4e18-ae13-402bccd2f039,,SPEND,GBP,AUTHORISED,3a2bc03b-3436-4547-8854-68db0f032084
7908,,8.68,0.0,8.68,2021-09-30,402f14a4-0e1a-4e18-ae13-402bccd2f039,,SPEND,GBP,AUTHORISED,4458b3bb-91ce-45e6-b354-4013528497fe
7908,,15.09,0.0,15.09,2021-10-02,402f14a4-0e1a-4e18-ae13-402bccd2f039,,SPEND,GBP,AUTHORISED,01ce634c-5b69-49fd-b1b0-d4dec6178914
1205,Bank Transfer to HSBC Credit Card.,,,108.0,2021-10-18,88463645-3718-4cc7-8975-fc8dfa1f291e,,SPEND-TRANSFER,GBP,AUTHORISED,2e09cfd9-6c55-4a85-b8ba-c25f10491caa
2210,,460.68,0.0,460.68,2021-10-19,88463645-3718-4cc7-8975-fc8dfa1f291e,,SPEND,GBP,AUTHORISED,b7f3acbf-abc7-43cb-815d-dc020ba4dbe2
7901,Bank Charges,17.0,0.0,17.0,2021-10-18,88463645-3718-4cc7-8975-fc8dfa1f291e,,SPEND,GBP,AUTHORISED,ef9f41b4-d0d4-4933-961e-e85c0e9c5469
7901,,22.26,0.0,22.26,2021-10-19,88463645-3718-4cc7-8975-fc8dfa1f291e,,SPEND,GBP,AUTHORISED,adbbceb5-41ce-4602-a3ab-012dd0a545fd
7901,Bank Charges,4.88,0.0,4.88,2021-10-18,88463645-3718-4cc7-8975-fc8dfa1f291e,,SPEND,GBP,AUTHORISED,d2dad51c-74d3-40fb-a6b7-d0836b694d7b
7901,Non-Sterling Transaction Fee,1.46,0.0,1.46,2021-10-25,88463645-3718-4cc7-8975-fc8dfa1f291e,,SPEND,GBP,AUTHORISED,b79bbb0b-a8bf-4f25-b373-481499f92df3
2220,,929.76,0.0,929.76,2021-10-22,88463645-3718-4cc7-8975-fc8dfa1f291e,,SPEND,GBP,AUTHORISED,3429c9e1-59a1-4d08-8c7d-c4c2ac16e94f
7911,Bank Charges,20.39,0.0,20.39,2021-10-25,88463645-3718-4cc7-8975-fc8dfa1f291e,,SPEND,GBP,AUTHORISED,314a0da7-e0aa-4ae2-87a6-1988f51cd64c
2300,,3938.52,0.0,3938.52,2021-10-18,88463645-3718-4cc7-8975-fc8dfa1f291e,,RECEIVE,GBP,DELETED,e41a22d9-8046-45a1-8988-fb0f0e497ca9
2300,Repayment of CT overpayment,3938.52,0.0,3938.52,2021-10-18,88463645-3718-4cc7-8975-fc8dfa1f291e,,RECEIVE,GBP,AUTHORISED,bf2c5530-80bb-498e-931f-686c88406948
7901,,12.5,0.0,12.5,2021-09-30,88463645-3718-4cc7-8975-fc8dfa1f291e,,SPEND,GBP,AUTHORISED,e55f6ec9-e6dd-4bf4-8858-e7cac0fe4bf1
7901,,12.5,0.0,12.5,2021-10-30,88463645-3718-4cc7-8975-fc8dfa1f291e,,SPEND,GBP,AUTHORISED,a9d41563-c0bc-4814-b1cb-c85da739a8e4
7601,PHM Monthly Fee,410.0,82.0,492.0,2021-11-01,88463645-3718-4cc7-8975-fc8dfa1f291e,,SPEND,GBP,AUTHORISED,8e43f70f-f9df-401b-aa8d-82a70e164c02
4000,Part payment,157970.41,31594.08,189564.49,2021-07-15,88463645-3718-4cc7-8975-fc8dfa1f291e,,RECEIVE-PREPAYMENT,GBP,DELETED,c4d63653-9145-4102-94b0-cd319b61d7d0
2220,,929.76,0.0,929.76,2021-11-05,88463645-3718-4cc7-8975-fc8dfa1f291e,,SPEND,GBP,AUTHORISED,0101d348-8d3e-4f39-b8f5-edd4d531bcca
2503,,5000.0,0.0,5000.0,2021-11-08,88463645-3718-4cc7-8975-fc8dfa1f291e,,SPEND,GBP,AUTHORISED,28bc1aaa-813c-4afe-9376-6c759e1fe827
2202,,33911.4,0.0,33911.4,2021-11-10,88463645-3718-4cc7-8975-fc8dfa1f291e,,SPEND,GBP,AUTHORISED,226cd3fa-114f-4bdd-84ea-4ba21c3ae3e3
7901,Bank Charges,17.0,0.0,17.0,2021-11-09,88463645-3718-4cc7-8975-fc8dfa1f291e,,SPEND,GBP,AUTHORISED,39106c35-fd98-4b5f-a9e0-ea541aed14e1
7901,,22.65,0.0,22.65,2021-11-10,88463645-3718-4cc7-8975-fc8dfa1f291e,,SPEND,GBP,AUTHORISED,591b327e-9840-4037-ae6e-cd4951b65806
1205,Bank Transfer to HSBC Credit Card.,,,104.0,2021-11-16,88463645-3718-4cc7-8975-fc8dfa1f291e,,SPEND-TRANSFER,GBP,AUTHORISED,7fda6144-5eca-480a-98f2-f59a7d67a0a1
2210,,690.72,0.0,690.72,2021-11-19,88463645-3718-4cc7-8975-fc8dfa1f291e,,SPEND,GBP,AUTHORISED,206b7ab2-2a53-483b-80ee-2ab9b0636d32
2220,,929.76,0.0,929.76,2021-11-19,88463645-3718-4cc7-8975-fc8dfa1f291e,,SPEND,GBP,AUTHORISED,6b9f242a-3621-438a-ae1e-7e713a5d0003
7901,Bank Charges,17.0,0.0,17.0,2021-11-22,88463645-3718-4cc7-8975-fc8dfa1f291e,,SPEND,GBP,AUTHORISED,6305a239-359c-43e8-ab56-47a00520a0f1
7901,Non-Sterling Transaction Fee,1.49,0.0,1.49,2021-11-23,88463645-3718-4cc7-8975-fc8dfa1f291e,,SPEND,GBP,AUTHORISED,58b296d4-841c-4610-af76-1a6e0901e894
7901,Bank Charges,22.93,0.0,22.93,2021-11-23,88463645-3718-4cc7-8975-fc8dfa1f291e,,SPEND,GBP,AUTHORISED,dc5cc6e3-311b-4bd2-a44d-5efda4d53b00
7601,,410.0,82.0,492.0,2021-12-01,88463645-3718-4cc7-8975-fc8dfa1f291e,,SPEND,GBP,AUTHORISED,a8e119cd-8080-4e88-90a8-125a72cb3e53
2220,,929.76,0.0,929.76,2021-12-03,88463645-3718-4cc7-8975-fc8dfa1f291e,,SPEND,GBP,AUTHORISED,3014d74e-b64c-4fda-91a4-0cef10c834c0
7901,Bank Charges,17.0,0.0,17.0,2021-12-06,88463645-3718-4cc7-8975-fc8dfa1f291e,,SPEND,GBP,AUTHORISED,b356e91c-da14-458c-bb57-c4a12eac3516
2503,,5000.0,0.0,5000.0,2021-12-06,88463645-3718-4cc7-8975-fc8dfa1f291e,,SPEND,GBP,AUTHORISED,b1046a02-28a6-4ac6-bc66-700228f58892
7908,,5.04,0.0,5.04,2021-11-29,402f14a4-0e1a-4e18-ae13-402bccd2f039,,SPEND,GBP,AUTHORISED,7cf94b61-fcbf-4b8d-b746-78b49c2bd09c
7908,,5.23,0.0,5.23,2021-10-31,402f14a4-0e1a-4e18-ae13-402bccd2f039,,SPEND,GBP,AUTHORISED,ab9b46ac-1db5-475a-94d6-ec086a8c9cb6
7908,,20.29,0.0,20.29,2021-10-31,402f14a4-0e1a-4e18-ae13-402bccd2f039,,SPEND,GBP,AUTHORISED,6180c1c7-c34f-4ac8-89b6-fd1a010e5f92
7908,,7.95,0.0,7.95,2021-11-07,402f14a4-0e1a-4e18-ae13-402bccd2f039,,SPEND,GBP,AUTHORISED,c4376d3f-a51a-476b-955c-b0c463386237
7908,,8.68,0.0,8.68,2021-11-09,402f14a4-0e1a-4e18-ae13-402bccd2f039,,SPEND,GBP,AUTHORISED,7e22d172-4e61-4e82-b2c7-343f307df926
7908,,11.55,0.0,11.55,2021-11-10,402f14a4-0e1a-4e18-ae13-402bccd2f039,,SPEND,GBP,AUTHORISED,e05f434b-9575-4278-99f3-086c40756ebc
7908,,9.58,0.0,9.58,2021-11-15,402f14a4-0e1a-4e18-ae13-402bccd2f039,,SPEND,GBP,AUTHORISED,543dfae0-c81c-4ecb-8a3c-7e9d5736e47f
7908,,12.34,0.0,12.34,2021-11-23,402f14a4-0e1a-4e18-ae13-402bccd2f039,,SPEND,GBP,AUTHORISED,cc0b12c6-f542-4e0b-be9f-03521751461e
7908,,3.25,0.0,3.25,2021-11-24,402f14a4-0e1a-4e18-ae13-402bccd2f039,,SPEND,GBP,AUTHORISED,6ec3c056-4003-483e-8a9a-84f7166b4e16
7908,,7.64,0.0,7.64,2021-11-24,402f14a4-0e1a-4e18-ae13-402bccd2f039,,SPEND,GBP,AUTHORISED,c7492522-0677-4314-b3b2-28792e2e46ec
7601,PHM Monthly Fee,410.0,82.0,492.0,2021-07-01,88463645-3718-4cc7-8975-fc8dfa1f291e,,SPEND,GBP,AUTHORISED,0c917cd0-0104-40e0-95bb-fa387fa3c7a7
2220,Net Wages Paid,929.56,0.0,929.56,2021-07-02,88463645-3718-4cc7-8975-fc8dfa1f291e,,SPEND,GBP,AUTHORISED,6aeb4f4f-fb62-45a2-8ff7-7f6299d8ebed
2503,,5000.0,0.0,5000.0,2021-07-05,88463645-3718-4cc7-8975-fc8dfa1f291e,,SPEND,GBP,AUTHORISED,6c2af890-d4dc-42de-8ff9-cb500f644fde
7911,Bank Charges,14.56,0.0,14.56,2021-07-05,88463645-3718-4cc7-8975-fc8dfa1f291e,,SPEND,GBP,AUTHORISED,a0add313-b4a3-431e-8915-0819bceb9426
7901,Bank Charges,17.0,0.0,17.0,2021-07-12,88463645-3718-4cc7-8975-fc8dfa1f291e,,SPEND,GBP,AUTHORISED,5cffda45-0fe3-457d-a7e2-3f7d0fee927e
7901,Bank Charges,22.13,0.0,22.13,2021-07-13,88463645-3718-4cc7-8975-fc8dfa1f291e,,SPEND,GBP,AUTHORISED,e28d8fe6-a81a-4f42-9b84-cfe031baf78b
7900,,52.99,0.0,52.99,2021-07-11,b69a3ffc-737f-4b9c-a422-537ab5f55ae8,,SPEND,GBP,AUTHORISED,7465c35f-9d9b-4c63-a91b-5c5ee92a0079
2220,Net Wages Paid,929.76,0.0,929.76,2021-07-16,88463645-3718-4cc7-8975-fc8dfa1f291e,,SPEND,GBP,AUTHORISED,2b3b896c-6d3d-4955-9f8c-b23175a1511f
1205,Bank Transfer to HSBC Credit Card.,,,114.0,2021-07-19,88463645-3718-4cc7-8975-fc8dfa1f291e,,SPEND-TRANSFER,GBP,AUTHORISED,ca319f4c-76a1-4039-9b0f-a1b3e2894f36
2210,,460.68,0.0,460.68,2021-07-19,88463645-3718-4cc7-8975-fc8dfa1f291e,,SPEND,GBP,AUTHORISED,bbb83666-484a-4b21-b6a0-adbb32a458ee
7911,Bank Charges,5.14,0.0,5.14,2021-07-19,88463645-3718-4cc7-8975-fc8dfa1f291e,,SPEND,GBP,AUTHORISED,fd3f6f32-08eb-4090-a69b-6f67f38c06b0
7901,Bank Charges,17.0,0.0,17.0,2021-07-21,88463645-3718-4cc7-8975-fc8dfa1f291e,,SPEND,GBP,AUTHORISED,d6282b2e-e2cf-4bc5-a61e-97903663adac
7901,,22.34,0.0,22.34,2021-07-22,88463645-3718-4cc7-8975-fc8dfa1f291e,,SPEND,GBP,AUTHORISED,97418497-f019-4693-852d-79c4adc8b7d5
7911,Bank Charges,3.81,0.0,3.81,2021-07-26,88463645-3718-4cc7-8975-fc8dfa1f291e,,SPEND,GBP,AUTHORISED,9a93852f-12c4-4374-beef-e80e4c3e4c69
7901,Non-Sterling Transaction Fee,1.08,0.0,1.08,2021-07-26,88463645-3718-4cc7-8975-fc8dfa1f291e,,SPEND,GBP,AUTHORISED,6b6bbbcf-b301-488a-9202-16d521b2f10f
2220,,929.76,0.0,929.76,2021-07-30,88463645-3718-4cc7-8975-fc8dfa1f291e,,SPEND,GBP,AUTHORISED,abac99fb-aab4-4637-9b59-7ffb51ea3b75
7901,,12.5,0.0,12.5,2021-07-30,88463645-3718-4cc7-8975-fc8dfa1f291e,,SPEND,GBP,AUTHORISED,33aba523-584d-4f7e-af65-efbc072d34a0
7601,PHM Monthly Fee,410.0,82.0,492.0,2021-08-02,88463645-3718-4cc7-8975-fc8dfa1f291e,,SPEND,GBP,AUTHORISED,0c72bdf4-d9d7-48fc-a786-25ae12daa729
2503,,5000.0,0.0,5000.0,2021-08-03,88463645-3718-4cc7-8975-fc8dfa1f291e,,SPEND,GBP,AUTHORISED,913c9672-a1fe-4108-afe2-fdd856f30ac5
7911,Bank Charges,11.05,0.0,11.05,2021-08-02,88463645-3718-4cc7-8975-fc8dfa1f291e,,SPEND,GBP,AUTHORISED,51093c62-b328-47f0-8832-ba1439350d93
7901,Bank Charges,17.0,0.0,17.0,2021-08-06,88463645-3718-4cc7-8975-fc8dfa1f291e,,SPEND,GBP,AUTHORISED,79adbfb0-e0ab-479f-ad10-17602963677d
7901,Bank Charges,22.12,0.0,22.12,2021-08-09,88463645-3718-4cc7-8975-fc8dfa1f291e,,SPEND,GBP,AUTHORISED,9f20a256-3361-4aee-888f-571872b16047
7911,Bank Charges,7.35,0.0,7.35,2021-08-09,88463645-3718-4cc7-8975-fc8dfa1f291e,,SPEND,GBP,AUTHORISED,d16e49ed-6e96-46de-8ab9-6db359559b7b
2202,,7975.74,0.0,7975.74,2021-08-11,88463645-3718-4cc7-8975-fc8dfa1f291e,,SPEND,GBP,AUTHORISED,840711a4-8577-487b-9edc-6df0d8674ce8
2220,,929.76,0.0,929.76,2021-08-13,88463645-3718-4cc7-8975-fc8dfa1f291e,,SPEND,GBP,AUTHORISED,f6dbd31a-3969-4584-9310-8c81c68bb0f1
1211,Bank Transfer from GBP.,,,114.0,2021-07-19,b69a3ffc-737f-4b9c-a422-537ab5f55ae8,,RECEIVE-TRANSFER,GBP,AUTHORISED,2e903ac2-12a0-4a99-8c96-b88999a88768
7900,,49.0,0.0,49.0,2021-08-10,b69a3ffc-737f-4b9c-a422-537ab5f55ae8,,SPEND,GBP,AUTHORISED,f1ed6791-0b38-4302-b1b6-fb34e586441d
1205,Bank Transfer to HSBC Credit Card.,,,109.0,2021-08-17,88463645-3718-4cc7-8975-fc8dfa1f291e,,SPEND-TRANSFER,GBP,AUTHORISED,385b5ca3-d615-4399-b8e4-5aef303ef13f
7911,Bank Charges,2.27,0.0,2.27,2021-08-16,88463645-3718-4cc7-8975-fc8dfa1f291e,,SPEND,GBP,AUTHORISED,0750ac5a-365c-43d6-8e0e-b79b497ae9ee
2210,,460.48,0.0,460.48,2021-08-19,88463645-3718-4cc7-8975-fc8dfa1f291e,,SPEND,GBP,AUTHORISED,81298a5b-b297-4045-a475-6fb9b4c061c4
7901,Non-Sterling Transaction Fee,1.08,0.0,1.08,2021-08-25,88463645-3718-4cc7-8975-fc8dfa1f291e,,SPEND,GBP,AUTHORISED,a08cf873-26a9-435b-ac8a-17c410fd52df
7911,Bank Charges,4.47,0.0,4.47,2021-08-23,88463645-3718-4cc7-8975-fc8dfa1f291e,,SPEND,GBP,AUTHORISED,aceccaef-32f8-4516-9777-86d1714223bc
2220,,929.76,0.0,929.76,2021-08-27,88463645-3718-4cc7-8975-fc8dfa1f291e,,SPEND,GBP,AUTHORISED,2a2de555-2f49-43ec-bc0e-6bd5e00afb61
7901,,12.5,0.0,12.5,2021-08-30,88463645-3718-4cc7-8975-fc8dfa1f291e,,SPEND,GBP,AUTHORISED,7bb22fa3-d35a-4110-8833-8bc238b0c437
7901,Bank Charges,17.0,0.0,17.0,2021-08-27,88463645-3718-4cc7-8975-fc8dfa1f291e,,SPEND,GBP,AUTHORISED,2661e376-7612-42b2-aa2c-6791497516ce
7901,,22.27,0.0,22.27,2021-08-31,88463645-3718-4cc7-8975-fc8dfa1f291e,,SPEND,GBP,AUTHORISED,879ef820-962a-413f-ad74-23e695d07bac
7601,PHM Monthly Fee,410.0,82.0,492.0,2021-09-01,88463645-3718-4cc7-8975-fc8dfa1f291e,,SPEND,GBP,AUTHORISED,e1a64cf1-a9e9-484f-a0bd-76591ac260ea
2220,,929.76,0.0,929.76,2021-09-10,88463645-3718-4cc7-8975-fc8dfa1f291e,,SPEND,GBP,AUTHORISED,908ca9cf-3bba-4f86-8d6d-a602c663bdb4
7901,Non-Sterling Transaction Fee,108.77,0.0,108.77,2021-09-10,88463645-3718-4cc7-8975-fc8dfa1f291e,,SPEND,GBP,AUTHORISED,395663be-38bd-43e8-99f5-ea778bf41987
7901,,22.17,0.0,22.17,2021-09-13,88463645-3718-4cc7-8975-fc8dfa1f291e,,SPEND,GBP,AUTHORISED,c7ccd043-e7bb-4bd8-92fe-088bd5aa2f82
7901,Bank Charges,17.0,0.0,17.0,2021-09-10,88463645-3718-4cc7-8975-fc8dfa1f291e,,SPEND,GBP,AUTHORISED,6af60333-1a3a-47a2-8dad-834af2d7f125
1205,Bank Transfer to HSBC Credit Card.,,,108.0,2021-09-16,88463645-3718-4cc7-8975-fc8dfa1f291e,,SPEND-TRANSFER,GBP,AUTHORISED,ab3af20d-109a-4eda-adb8-3b896e00837f
2210,,460.48,0.0,460.48,2021-09-20,88463645-3718-4cc7-8975-fc8dfa1f291e,,SPEND,GBP,AUTHORISED,9dd9a3dd-9075-4dc5-8f74-a626805a4b9a
1211,Bank Transfer from GBP.,,,109.0,2021-08-17,b69a3ffc-737f-4b9c-a422-537ab5f55ae8,,RECEIVE-TRANSFER,GBP,AUTHORISED,539c9db6-62c2-4f35-b8f2-4d1d6d465e7e
7900,,48.21,0.0,48.21,2021-09-09,b69a3ffc-737f-4b9c-a422-537ab5f55ae8,,SPEND,GBP,AUTHORISED,5d02993d-0fa6-42c4-833c-9182044073d9
2220,,929.56,0.0,929.56,2021-09-24,88463645-3718-4cc7-8975-fc8dfa1f291e,,SPEND,GBP,AUTHORISED,930f7640-7250-4563-854b-058abe622287
7901,Non-Sterling Transaction Fee,1.47,0.0,1.47,2021-09-24,88463645-3718-4cc7-8975-fc8dfa1f291e,,SPEND,GBP,AUTHORISED,49e1c050-cdc6-45c0-a872-02fd633f75a8
7601,PHM Monthly Fee,410.0,82.0,492.0,2021-10-01,88463645-3718-4cc7-8975-fc8dfa1f291e,,SPEND,GBP,AUTHORISED,b0785a7b-1756-4e00-8322-762e58c11bbd
2503,,5000.0,0.0,5000.0,2021-10-06,88463645-3718-4cc7-8975-fc8dfa1f291e,,SPEND,GBP,AUTHORISED,8b2dc059-b487-41fb-92ef-5a20aa404476
7911,Bank Charges,14.88,0.0,14.88,2021-10-04,88463645-3718-4cc7-8975-fc8dfa1f291e,,SPEND,GBP,AUTHORISED,a6ecaf0d-5334-4390-8f94-5674834ff0a9
2220,,929.76,0.0,929.76,2021-10-08,88463645-3718-4cc7-8975-fc8dfa1f291e,,SPEND,GBP,AUTHORISED,273021ab-ad52-442c-bfc7-f1c579d85d6b
7911,Bank Charges,9.0,0.0,9.0,2021-10-11,88463645-3718-4cc7-8975-fc8dfa1f291e,,SPEND,GBP,AUTHORISED,5009ddda-4df3-4025-9f37-1057b2ed1c24
7908,,3.17,0.0,3.17,2021-07-18,402f14a4-0e1a-4e18-ae13-402bccd2f039,,SPEND,GBP,AUTHORISED,f4347efc-c4d8-4d0f-a941-0f386e9f2b1e
7908,,4.65,0.0,4.65,2021-07-21,402f14a4-0e1a-4e18-ae13-402bccd2f039,,SPEND,GBP,AUTHORISED,818bf4bf-0e56-4de0-a19c-4e56a4b53f0f
7908,,2.41,0.0,2.41,2021-07-24,402f14a4-0e1a-4e18-ae13-402bccd2f039,,SPEND,GBP,AUTHORISED,f3ab076c-b418-4fac-a704-7a0570462b50
7908,,2.79,0.0,2.79,2021-07-27,402f14a4-0e1a-4e18-ae13-402bccd2f039,,SPEND,GBP,AUTHORISED,be037bb9-935a-47e1-b526-e3ff0476bd68
7908,,3.64,0.0,3.64,2021-07-27,402f14a4-0e1a-4e18-ae13-402bccd2f039,,SPEND,GBP,AUTHORISED,05f5d51d-40c4-4c02-a81f-8f834ac861f6
7908,,2.22,0.0,2.22,2021-07-27,402f14a4-0e1a-4e18-ae13-402bccd2f039,,SPEND,GBP,AUTHORISED,80f71fe7-84f8-4745-a2e0-3d6af2dd615c
7908,,2.3,0.0,2.3,2021-08-16,402f14a4-0e1a-4e18-ae13-402bccd2f039,,SPEND,GBP,AUTHORISED,3a2bc03b-3436-4547-8854-68db0f032084
7908,,8.68,0.0,8.68,2021-09-30,402f14a4-0e1a-4e18-ae13-402bccd2f039,,SPEND,GBP,AUTHORISED,4458b3bb-91ce-45e6-b354-4013528497fe
7908,,15.09,0.0,15.09,2021-10-02,402f14a4-0e1a-4e18-ae13-402bccd2f039,,SPEND,GBP,AUTHORISED,01ce634c-5b69-49fd-b1b0-d4dec6178914
1205,Bank Transfer to HSBC Credit Card.,,,108.0,2021-10-18,88463645-3718-4cc7-8975-fc8dfa1f291e,,SPEND-TRANSFER,GBP,AUTHORISED,2e09cfd9-6c55-4a85-b8ba-c25f10491caa
2210,,460.68,0.0,460.68,2021-10-19,88463645-3718-4cc7-8975-fc8dfa1f291e,,SPEND,GBP,AUTHORISED,b7f3acbf-abc7-43cb-815d-dc020ba4dbe2
7901,Bank Charges,17.0,0.0,17.0,2021-10-18,88463645-3718-4cc7-8975-fc8dfa1f291e,,SPEND,GBP,AUTHORISED,ef9f41b4-d0d4-4933-961e-e85c0e9c5469
7901,,22.26,0.0,22.26,2021-10-19,88463645-3718-4cc7-8975-fc8dfa1f291e,,SPEND,GBP,AUTHORISED,adbbceb5-41ce-4602-a3ab-012dd0a545fd
7901,Bank Charges,4.88,0.0,4.88,2021-10-18,88463645-3718-4cc7-8975-fc8dfa1f291e,,SPEND,GBP,AUTHORISED,d2dad51c-74d3-40fb-a6b7-d0836b694d7b
7901,Non-Sterling Transaction Fee,1.46,0.0,1.46,2021-10-25,88463645-3718-4cc7-8975-fc8dfa1f291e,,SPEND,GBP,AUTHORISED,b79bbb0b-a8bf-4f25-b373-481499f92df3
2220,,929.76,0.0,929.76,2021-10-22,88463645-3718-4cc7-8975-fc8dfa1f291e,,SPEND,GBP,AUTHORISED,3429c9e1-59a1-4d08-8c7d-c4c2ac16e94f
7911,Bank Charges,20.39,0.0,20.39,2021-10-25,88463645-3718-4cc7-8975-fc8dfa1f291e,,SPEND,GBP,AUTHORISED,314a0da7-e0aa-4ae2-87a6-1988f51cd64c
2300,,3938.52,0.0,3938.52,2021-10-18,88463645-3718-4cc7-8975-fc8dfa1f291e,,RECEIVE,GBP,DELETED,e41a22d9-8046-45a1-8988-fb0f0e497ca9
2300,Repayment of CT overpayment,3938.52,0.0,3938.52,2021-10-18,88463645-3718-4cc7-8975-fc8dfa1f291e,,RECEIVE,GBP,AUTHORISED,bf2c5530-80bb-498e-931f-686c88406948
7901,,12.5,0.0,12.5,2021-09-30,88463645-3718-4cc7-8975-fc8dfa1f291e,,SPEND,GBP,AUTHORISED,e55f6ec9-e6dd-4bf4-8858-e7cac0fe4bf1
7901,,12.5,0.0,12.5,2021-10-30,88463645-3718-4cc7-8975-fc8dfa1f291e,,SPEND,GBP,AUTHORISED,a9d41563-c0bc-4814-b1cb-c85da739a8e4
7601,PHM Monthly Fee,410.0,82.0,492.0,2021-11-01,88463645-3718-4cc7-8975-fc8dfa1f291e,,SPEND,GBP,AUTHORISED,8e43f70f-f9df-401b-aa8d-82a70e164c02
4000,Part payment,157970.41,31594.08,189564.49,2021-07-15,88463645-3718-4cc7-8975-fc8dfa1f291e,,RECEIVE-PREPAYMENT,GBP,DELETED,c4d63653-9145-4102-94b0-cd319b61d7d0
2220,,929.76,0.0,929.76,2021-11-05,88463645-3718-4cc7-8975-fc8dfa1f291e,,SPEND,GBP,AUTHORISED,0101d348-8d3e-4f39-b8f5-edd4d531bcca
2503,,5000.0,0.0,5000.0,2021-11-08,88463645-3718-4cc7-8975-fc8dfa1f291e,,SPEND,GBP,AUTHORISED,28bc1aaa-813c-4afe-9376-6c759e1fe827
2202,,33911.4,0.0,33911.4,2021-11-10,88463645-3718-4cc7-8975-fc8dfa1f291e,,SPEND,GBP,AUTHORISED,226cd3fa-114f-4bdd-84ea-4ba21c3ae3e3
7901,Bank Charges,17.0,0.0,17.0,2021-11-09,88463645-3718-4cc7-8975-fc8dfa1f291e,,SPEND,GBP,AUTHORISED,39106c35-fd98-4b5f-a9e0-ea541aed14e1
7901,,22.65,0.0,22.65,2021-11-10,88463645-3718-4cc7-8975-fc8dfa1f291e,,SPEND,GBP,AUTHORISED,591b327e-9840-4037-ae6e-cd4951b65806
1205,Bank Transfer to HSBC Credit Card.,,,104.0,2021-11-16,88463645-3718-4cc7-8975-fc8dfa1f291e,,SPEND-TRANSFER,GBP,AUTHORISED,7fda6144-5eca-480a-98f2-f59a7d67a0a1
2210,,690.72,0.0,690.72,2021-11-19,88463645-3718-4cc7-8975-fc8dfa1f291e,,SPEND,GBP,AUTHORISED,206b7ab2-2a53-483b-80ee-2ab9b0636d32
2220,,929.76,0.0,929.76,2021-11-19,88463645-3718-4cc7-8975-fc8dfa1f291e,,SPEND,GBP,AUTHORISED,6b9f242a-3621-438a-ae1e-7e713a5d0003
7901,Bank Charges,17.0,0.0,17.0,2021-11-22,88463645-3718-4cc7-8975-fc8dfa1f291e,,SPEND,GBP,AUTHORISED,6305a239-359c-43e8-ab56-47a00520a0f1
7901,Non-Sterling Transaction Fee,1.49,0.0,1.49,2021-11-23,88463645-3718-4cc7-8975-fc8dfa1f291e,,SPEND,GBP,AUTHORISED,58b296d4-841c-4610-af76-1a6e0901e894
7901,Bank Charges,22.93,0.0,22.93,2021-11-23,88463645-3718-4cc7-8975-fc8dfa1f291e,,SPEND,GBP,AUTHORISED,dc5cc6e3-311b-4bd2-a44d-5efda4d53b00
7601,,410.0,82.0,492.0,2021-12-01,88463645-3718-4cc7-8975-fc8dfa1f291e,,SPEND,GBP,AUTHORISED,a8e119cd-8080-4e88-90a8-125a72cb3e53
2220,,929.76,0.0,929.76,2021-12-03,88463645-3718-4cc7-8975-fc8dfa1f291e,,SPEND,GBP,AUTHORISED,3014d74e-b64c-4fda-91a4-0cef10c834c0
7901,Bank Charges,17.0,0.0,17.0,2021-12-06,88463645-3718-4cc7-8975-fc8dfa1f291e,,SPEND,GBP,AUTHORISED,b356e91c-da14-458c-bb57-c4a12eac3516
2503,,5000.0,0.0,5000.0,2021-12-06,88463645-3718-4cc7-8975-fc8dfa1f291e,,SPEND,GBP,AUTHORISED,b1046a02-28a6-4ac6-bc66-700228f58892
7908,,5.04,0.0,5.04,2021-11-29,402f14a4-0e1a-4e18-ae13-402bccd2f039,,SPEND,GBP,AUTHORISED,7cf94b61-fcbf-4b8d-b746-78b49c2bd09c
7908,,5.23,0.0,5.23,2021-10-31,402f14a4-0e1a-4e18-ae13-402bccd2f039,,SPEND,GBP,AUTHORISED,ab9b46ac-1db5-475a-94d6-ec086a8c9cb6
7908,,20.29,0.0,20.29,2021-10-31,402f14a4-0e1a-4e18-ae13-402bccd2f039,,SPEND,GBP,AUTHORISED,6180c1c7-c34f-4ac8-89b6-fd1a010e5f92
7908,,7.95,0.0,7.95,2021-11-07,402f14a4-0e1a-4e18-ae13-402bccd2f039,,SPEND,GBP,AUTHORISED,c4376d3f-a51a-476b-955c-b0c463386237
7908,,8.68,0.0,8.68,2021-11-09,402f14a4-0e1a-4e18-ae13-402bccd2f039,,SPEND,GBP,AUTHORISED,7e22d172-4e61-4e82-b2c7-343f307df926
7908,,11.55,0.0,11.55,2021-11-10,402f14a4-0e1a-4e18-ae13-402bccd2f039,,SPEND,GBP,AUTHORISED,e05f434b-9575-4278-99f3-086c40756ebc
7908,,9.58,0.0,9.58,2021-11-15,402f14a4-0e1a-4e18-ae13-402bccd2f039,,SPEND,GBP,AUTHORISED,543dfae0-c81c-4ecb-8a3c-7e9d5736e47f
7908,,12.34,0.0,12.34,2021-11-23,402f14a4-0e1a-4e18-ae13-402bccd2f039,,SPEND,GBP,AUTHORISED,cc0b12c6-f542-4e0b-be9f-03521751461e
7908,,3.25,0.0,3.25,2021-11-24,402f14a4-0e1a-4e18-ae13-402bccd2f039,,SPEND,GBP,AUTHORISED,6ec3c056-4003-483e-8a9a-84f7166b4e16
7908,,7.64,0.0,7.64,2021-11-24,402f14a4-0e1a-4e18-ae13-402bccd2f039,,SPEND,GBP,AUTHORISED,c7492522-0677-4314-b3b2-28792e2e46ec
7908,,5.95,0.0,5.95,2021-11-25,402f14a4-0e1a-4e18-ae13-402bccd2f039,,SPEND,GBP,AUTHORISED,39b52847-e287-460d-a998-a05a93623bc5
7908,,3.64,0.0,3.64,2021-11-26,402f14a4-0e1a-4e18-ae13-402bccd2f039,,SPEND,GBP,AUTHORISED,794a5f77-58f8-4d19-8519-89a98854c173
7908,,8.22,0.0,8.22,2021-11-26,402f14a4-0e1a-4e18-ae13-402bccd2f039,,SPEND,GBP,AUTHORISED,c8fe6640-f07d-4de8-bf67-73ea1105b8d5
7908,,5.97,0.0,5.97,2021-11-26,402f14a4-0e1a-4e18-ae13-402bccd2f039,,SPEND,GBP,AUTHORISED,d015a546-d78b-4128-a3e8-b0954f6e360d
7908,,5.98,0.0,5.98,2021-11-27,402f14a4-0e1a-4e18-ae13-402bccd2f039,,SPEND,GBP,AUTHORISED,e3c73255-f56f-400f-a78d-8f0e8ccddc6e
7908,,5.44,0.0,5.44,2021-11-27,402f14a4-0e1a-4e18-ae13-402bccd2f039,,SPEND,GBP,AUTHORISED,b46198bd-0b28-4fea-b703-65e9fdc6381f
7908,,11.74,0.0,11.74,2021-11-27,402f14a4-0e1a-4e18-ae13-402bccd2f039,,SPEND,GBP,AUTHORISED,3d8ead11-de52-49d4-821a-effe9b968886
7908,,5.83,0.0,5.83,2021-11-28,402f14a4-0e1a-4e18-ae13-402bccd2f039,,SPEND,GBP,AUTHORISED,15af6765-ba8c-4723-87b1-65f3d6d1f565
7908,,4.24,0.0,4.24,2021-11-28,402f14a4-0e1a-4e18-ae13-402bccd2f039,,SPEND,GBP,AUTHORISED,d1e1d9b4-6c0e-4ab3-81d8-ec54f87f01ea
7908,,11.36,0.0,11.36,2021-11-28,402f14a4-0e1a-4e18-ae13-402bccd2f039,,SPEND,GBP,AUTHORISED,87bd66ac-98ed-4021-83b0-55c75935a0c1
7908,,5.53,0.0,5.53,2021-11-29,402f14a4-0e1a-4e18-ae13-402bccd2f039,,SPEND,GBP,AUTHORISED,949a739b-5dfb-46de-8da1-912db48ae186
7908,,4.46,0.0,4.46,2021-11-29,402f14a4-0e1a-4e18-ae13-402bccd2f039,,SPEND,GBP,AUTHORISED,40df270a-9112-4ba5-8767-52f2b3c1f9e6
7908,,8.7,0.0,8.7,2021-11-29,402f14a4-0e1a-4e18-ae13-402bccd2f039,,SPEND,GBP,AUTHORISED,178ac500-e8e4-4e4b-8a76-f3310622c230
7908,,5.6,0.0,5.6,2021-11-29,402f14a4-0e1a-4e18-ae13-402bccd2f039,,SPEND,GBP,AUTHORISED,fb702718-75df-41d5-8bb6-5bd77f110af8
7908,,11.59,0.0,11.59,2021-12-02,402f14a4-0e1a-4e18-ae13-402bccd2f039,,SPEND,GBP,AUTHORISED,b6529177-a58d-436f-a830-61c6e407903f
7901,,23.09,0.0,23.09,2021-12-07,88463645-3718-4cc7-8975-fc8dfa1f291e,,SPEND,GBP,AUTHORISED,13cf1736-db61-4d27-a82f-353bc7204a55
7908,,8.09,0.0,8.09,2021-11-20,402f14a4-0e1a-4e18-ae13-402bccd2f039,,RECEIVE,GBP,AUTHORISED,5e2148c9-0100-48bb-b175-e320427f3a22
4002,Partially refunded - INV-0812 (AL20_1756),232.5,46.5,279.0,2021-11-20,402f14a4-0e1a-4e18-ae13-402bccd2f039,,SPEND,GBP,AUTHORISED,faa4edb4-1786-42a2-96c8-b854f56704f1
7911,Bank Charges,22.14,0.0,22.14,2021-11-29,88463645-3718-4cc7-8975-fc8dfa1f291e,,SPEND,GBP,AUTHORISED,e48cacf4-2fb2-44ae-942e-4be94bc9a3ea
7911,Bank Charges,32.43,0.0,32.43,2021-11-15,88463645-3718-4cc7-8975-fc8dfa1f291e,,SPEND,GBP,AUTHORISED,e237a3c7-9d81-4ad2-bb2d-15d645a924d9
7901,Bank Charges,17.0,0.0,17.0,2021-12-13,88463645-3718-4cc7-8975-fc8dfa1f291e,,SPEND,GBP,AUTHORISED,0034fc04-3266-4e24-a757-c98eb6c8cf52
7911,Stripe Fees,264.29,0.0,264.29,2021-12-06,88463645-3718-4cc7-8975-fc8dfa1f291e,,SPEND,GBP,AUTHORISED,096849fa-48e8-4a8e-a3fe-f509ba7f4671
4002,Stripe Payments UKUK LUXE WEBSITE,31.0,6.2,37.2,2021-12-13,88463645-3718-4cc7-8975-fc8dfa1f291e,,RECEIVE,GBP,DELETED,6a039d8e-3265-47f9-a8d2-d68bf93ea524
7911,Stripe Fees,7.24,0.0,7.24,2021-12-13,88463645-3718-4cc7-8975-fc8dfa1f291e,,SPEND,GBP,AUTHORISED,422c85b8-0811-4546-941c-00160941b31d
2210,,460.48,0.0,460.48,2021-12-20,88463645-3718-4cc7-8975-fc8dfa1f291e,,SPEND,GBP,AUTHORISED,c74790e7-9aff-4579-90af-2aae4245f2fc
1205,Bank Transfer to HSBC Credit Card.,,,107.0,2021-12-20,88463645-3718-4cc7-8975-fc8dfa1f291e,,SPEND-TRANSFER,GBP,AUTHORISED,9cddbd15-ff4b-490f-bb8a-e7826adf1f9f
2220,,929.56,0.0,929.56,2021-12-17,88463645-3718-4cc7-8975-fc8dfa1f291e,,SPEND,GBP,AUTHORISED,2cdc8a96-b5e5-4636-8dd2-c1c1a8c0dbaf
7908,,4.65,0.0,4.65,2021-12-09,402f14a4-0e1a-4e18-ae13-402bccd2f039,,SPEND,GBP,AUTHORISED,2ad327de-826b-4aa4-ad55-6bf87d801da3
7908,,13.0,0.0,13.0,2021-12-11,402f14a4-0e1a-4e18-ae13-402bccd2f039,,SPEND,GBP,AUTHORISED,9cd82de3-ff1f-4a56-8d04-4b657aef21fa
7908,,1.61,0.0,1.61,2021-12-11,402f14a4-0e1a-4e18-ae13-402bccd2f039,,SPEND,GBP,AUTHORISED,b8893780-d50a-4017-8b63-265733d6a26b
7908,,7.28,0.0,7.28,2021-12-13,402f14a4-0e1a-4e18-ae13-402bccd2f039,,SPEND,GBP,AUTHORISED,8f77eb4f-26a8-4212-a535-5918b788e61d
7908,,12.59,0.0,12.59,2021-12-13,402f14a4-0e1a-4e18-ae13-402bccd2f039,,SPEND,GBP,AUTHORISED,d5ac57f5-130b-45b4-ae72-75c64baac98e
7908,,7.28,0.0,7.28,2021-12-14,402f14a4-0e1a-4e18-ae13-402bccd2f039,,SPEND,GBP,AUTHORISED,0bbad6cd-de48-47ab-bc07-335bc5b34bcd
7908,,12.18,0.0,12.18,2021-12-15,402f14a4-0e1a-4e18-ae13-402bccd2f039,,SPEND,GBP,AUTHORISED,bf543418-03c6-49db-8938-1198e03376c2
7908,,16.75,0.0,16.75,2021-12-15,402f14a4-0e1a-4e18-ae13-402bccd2f039,,SPEND,GBP,AUTHORISED,900728fc-c2fe-494b-9f8e-fa725d7474fb
7908,,6.43,0.0,6.43,2021-12-20,402f14a4-0e1a-4e18-ae13-402bccd2f039,,SPEND,GBP,AUTHORISED,a9b0fc5f-36e3-42d4-977d-07e4c7568781
7908,,6.43,0.0,6.43,2021-12-22,402f14a4-0e1a-4e18-ae13-402bccd2f039,,SPEND,GBP,AUTHORISED,b2edee1b-1d20-4614-adf7-743e0b1a8b45
7908,,3.47,0.0,3.47,2021-12-22,402f14a4-0e1a-4e18-ae13-402bccd2f039,,SPEND,GBP,AUTHORISED,c6b99405-aa62-4f99-96e5-9e35330a5ed3
7901,Non-Sterling Transaction Fee,1.51,0.0,1.51,2021-12-23,88463645-3718-4cc7-8975-fc8dfa1f291e,,SPEND,GBP,AUTHORISED,8b10440e-347e-4bd0-a9d0-fa10bf971b27
2220,,929.76,0.0,929.76,2021-12-31,88463645-3718-4cc7-8975-fc8dfa1f291e,,SPEND,GBP,AUTHORISED,c0b47c68-7505-4885-a434-e87626984d8e
7908,,3.94,0.0,3.94,2021-12-26,402f14a4-0e1a-4e18-ae13-402bccd2f039,,SPEND,GBP,AUTHORISED,685c5ac4-49f3-41f1-8d17-bea36514e534
7908,,19.49,0.0,19.49,2021-12-26,402f14a4-0e1a-4e18-ae13-402bccd2f039,,SPEND,GBP,AUTHORISED,c6c2a64a-dadf-45c8-ae12-90829f735165
7908,,6.81,0.0,6.81,2021-12-26,402f14a4-0e1a-4e18-ae13-402bccd2f039,,SPEND,GBP,AUTHORISED,be0275f7-9bb2-4413-9990-bd4cae7e76c4
7908,,2.38,0.0,2.38,2021-12-26,402f14a4-0e1a-4e18-ae13-402bccd2f039,,SPEND,GBP,AUTHORISED,07e5e337-eb18-4215-8e2f-ce4fb4c09c5c
7908,,10.85,0.0,10.85,2021-12-28,402f14a4-0e1a-4e18-ae13-402bccd2f039,,SPEND,GBP,AUTHORISED,761fc04c-f4f9-452c-a593-58d54fec6202
7908,,10.27,0.0,10.27,2021-12-28,402f14a4-0e1a-4e18-ae13-402bccd2f039,,SPEND,GBP,AUTHORISED,ef7b0d14-d196-4b8e-abf9-5499713bc747
7908,,4.82,0.0,4.82,2021-12-28,402f14a4-0e1a-4e18-ae13-402bccd2f039,,SPEND,GBP,AUTHORISED,8dab4b0c-34cb-48f1-a784-0aaceddd7b34
7908,,5.04,0.0,5.04,2021-12-29,402f14a4-0e1a-4e18-ae13-402bccd2f039,,SPEND,GBP,AUTHORISED,cf591646-5e44-4db9-932b-e3f8150e69c6
7908,,10.89,0.0,10.89,2021-12-30,402f14a4-0e1a-4e18-ae13-402bccd2f039,,SPEND,GBP,AUTHORISED,ea1c0334-b30b-42f8-9503-1a15aa49e6ae
7908,,5.64,0.0,5.64,2022-01-02,402f14a4-0e1a-4e18-ae13-402bccd2f039,,SPEND,GBP,AUTHORISED,ef99f9ad-28d0-4700-b2e7-01b0d4c81bfb
7908,,3.42,0.0,3.42,2022-01-02,402f14a4-0e1a-4e18-ae13-402bccd2f039,,SPEND,GBP,AUTHORISED,64ccf21a-4617-48a4-b8e7-8f7152abb7b5
7901,,14.0,0.0,14.0,2021-11-30,88463645-3718-4cc7-8975-fc8dfa1f291e,,SPEND,GBP,AUTHORISED,19378900-cd14-4183-821d-f4cf7dd32338
7901,,14.0,0.0,14.0,2021-12-30,88463645-3718-4cc7-8975-fc8dfa1f291e,,SPEND,GBP,AUTHORISED,309facd3-b678-46e6-beca-230a2b489ad3
7601,,410.0,82.0,492.0,2022-01-04,88463645-3718-4cc7-8975-fc8dfa1f291e,,SPEND,GBP,AUTHORISED,900df5de-c6ff-4925-a1b5-1d87a0c45c53
2503,,5000.0,0.0,5000.0,2022-01-06,88463645-3718-4cc7-8975-fc8dfa1f291e,,SPEND,GBP,AUTHORISED,2fa9c312-2cd8-4f41-8377-4ed543a847db
7908,,13.06,0.0,13.06,2022-01-04,402f14a4-0e1a-4e18-ae13-402bccd2f039,,SPEND,GBP,AUTHORISED,06a9791e-78e1-4a6a-9d51-fcd0b1e28546
7908,,8.05,0.0,8.05,2022-01-06,402f14a4-0e1a-4e18-ae13-402bccd2f039,,SPEND,GBP,AUTHORISED,9f16bf85-2b78-4415-86f4-a09c293bc5b2
7908,,4.64,0.0,4.64,2022-01-06,402f14a4-0e1a-4e18-ae13-402bccd2f039,,SPEND,GBP,AUTHORISED,79b985e8-7dab-48f3-9b5b-c38664b9976a
7911,Bank Charges,10.25,0.0,10.25,2021-12-29,88463645-3718-4cc7-8975-fc8dfa1f291e,,SPEND,GBP,AUTHORISED,2afaa4f1-6a37-4a21-abf8-43195291cad0
7911,Bank Charges,17.48,0.0,17.48,2022-01-04,88463645-3718-4cc7-8975-fc8dfa1f291e,,SPEND,GBP,AUTHORISED,264d3e0d-a534-4de1-a2fb-1798e9f55f4f
7911,Stripe Fees,50.53,0.0,50.53,2021-12-20,88463645-3718-4cc7-8975-fc8dfa1f291e,,SPEND,GBP,AUTHORISED,2a3126e2-3731-4173-8459-fdb658fd8b00
7908,,3.42,0.0,3.42,2022-01-08,402f14a4-0e1a-4e18-ae13-402bccd2f039,,SPEND,GBP,AUTHORISED,f4e53a03-41c8-4a7f-a280-03e6fe886ac4
4002,,89.58,17.92,107.5,2022-01-08,402f14a4-0e1a-4e18-ae13-402bccd2f039,,RECEIVE,GBP,DELETED,1f08fd91-3a4e-4ae4-bb7e-539962c795d9
7911,Bank Charges,30.64,0.0,30.64,2022-01-10,88463645-3718-4cc7-8975-fc8dfa1f291e,,SPEND,GBP,AUTHORISED,10c3b73f-2082-4651-b3fc-d7af7529824d
7908,,4.53,0.0,4.53,2022-01-13,402f14a4-0e1a-4e18-ae13-402bccd2f039,,SPEND,GBP,AUTHORISED,febc8c5b-b826-464e-8d4d-51ec7b35f183
1205,Bank Transfer to HSBC Credit Card.,,,101.0,2022-01-18,88463645-3718-4cc7-8975-fc8dfa1f291e,,SPEND-TRANSFER,GBP,AUTHORISED,059a071a-6c30-4ab7-bcf3-36538ac72956
7908,,5.46,0.0,5.46,2022-01-15,402f14a4-0e1a-4e18-ae13-402bccd2f039,,SPEND,GBP,AUTHORISED,6449ea16-195d-4d51-b9f1-7aadae438cef
7908,,6.06,0.0,6.06,2022-01-16,402f14a4-0e1a-4e18-ae13-402bccd2f039,,SPEND,GBP,AUTHORISED,748c6ae7-da37-4b2c-94f8-d90248aeec6f
7908,,5.88,0.0,5.88,2022-01-17,402f14a4-0e1a-4e18-ae13-402bccd2f039,,SPEND,GBP,AUTHORISED,4527432c-8c99-46cc-9845-34910ac327ec
2220,,929.76,0.0,929.76,2022-01-14,88463645-3718-4cc7-8975-fc8dfa1f291e,,SPEND,GBP,AUTHORISED,47a178d0-7a0c-43ee-a1e5-20f391de8f46
7908,,10000.0,0.0,10000.0,2022-01-18,402f14a4-0e1a-4e18-ae13-402bccd2f039,,SPEND,GBP,DELETED,e665a3e3-de17-43ba-9619-5e2aa279686f
,Bank Transfer to GBP.,,,10000.0,2022-01-18,402f14a4-0e1a-4e18-ae13-402bccd2f039,,SPEND-TRANSFER,GBP,AUTHORISED,2f3d9b10-1b8b-4223-a55f-759845cb5d25
1205,Bank Transfer from GBP PayPal.,,,10000.0,2022-01-18,88463645-3718-4cc7-8975-fc8dfa1f291e,,RECEIVE-TRANSFER,GBP,AUTHORISED,5ef54e63-2ff3-42fa-af17-39c24f5df4af
2210,,460.68,0.0,460.68,2022-01-19,88463645-3718-4cc7-8975-fc8dfa1f291e,,SPEND,GBP,AUTHORISED,cdb1b501-2661-4c35-804c-7bb1465c10c1
4002,Refunded,91.21,18.24,109.45,2022-01-22,402f14a4-0e1a-4e18-ae13-402bccd2f039,,SPEND,GBP,DELETED,db707c24-ced5-42b6-a5b2-da46a5770822
6201,,70.0,0.0,70.0,2022-01-04,88463645-3718-4cc7-8975-fc8dfa1f291e,,SPEND,GBP,AUTHORISED,7abe8dad-39f7-440d-a4f5-92c02eaca4ec
6201,,70.0,0.0,70.0,2022-01-10,88463645-3718-4cc7-8975-fc8dfa1f291e,,SPEND,GBP,AUTHORISED,196f7943-0f7e-49ac-a36f-c63479d85c16
6201,,70.0,0.0,70.0,2022-01-17,88463645-3718-4cc7-8975-fc8dfa1f291e,,SPEND,GBP,AUTHORISED,66b9b101-c4a9-4b54-a7f3-22299757c630
7901,Non-Sterling Transaction Fee,1.48,0.0,1.48,2022-01-24,88463645-3718-4cc7-8975-fc8dfa1f291e,,SPEND,GBP,AUTHORISED,34028b9a-50b6-4f18-a7ed-28cea52ba957
7908,,18.21,0.0,18.21,2022-01-26,402f14a4-0e1a-4e18-ae13-402bccd2f039,,SPEND,GBP,AUTHORISED,34ef295a-9585-4b69-94f6-ba880edde148
7908,,6.46,0.0,6.46,2022-01-26,402f14a4-0e1a-4e18-ae13-402bccd2f039,,SPEND,GBP,AUTHORISED,ca701854-c5ce-4095-9a78-3fcf5896a890
4003,AL20_1768 Susan Murphy,8.33,1.67,10.0,2021-12-09,402f14a4-0e1a-4e18-ae13-402bccd2f039,,SPEND,GBP,AUTHORISED,ad1bb092-6188-479d-a7dd-9398b409c909
4002,AL20_1826 Refund,82.88,16.57,99.45,2022-01-22,402f14a4-0e1a-4e18-ae13-402bccd2f039,,SPEND,GBP,AUTHORISED,18b2a5f2-f7b8-48ca-97a2-315ddc1ccfed
4003,AL20_1826 Refund,8.33,1.67,10.0,2022-01-04,402f14a4-0e1a-4e18-ae13-402bccd2f039,,SPEND,GBP,AUTHORISED,65c4c09c-91c2-4af4-8f0b-9ecd3b993ecb
4002,AL20_1838 Partial refund,80.75,16.15,96.9,2022-01-07,402f14a4-0e1a-4e18-ae13-402bccd2f039,,SPEND,GBP,AUTHORISED,6bb68b57-6d8e-4074-b082-503a147cae37
4002,AL20_1777 Refund,112.75,22.55,135.3,2021-11-29,402f14a4-0e1a-4e18-ae13-402bccd2f039,,SPEND,GBP,AUTHORISED,d21cc619-a784-4828-982c-eaf63b67e155
4002,AL20_1827 Partial refund,167.92,33.58,201.5,2022-01-12,402f14a4-0e1a-4e18-ae13-402bccd2f039,,SPEND,GBP,AUTHORISED,237ac943-a3ba-45bf-9484-3d1229ddcca3
4002,AL20_1785 Partial refund,85.0,17.0,102.0,2022-01-12,402f14a4-0e1a-4e18-ae13-402bccd2f039,,SPEND,GBP,AUTHORISED,9a161780-28c2-4705-aa5b-0c214526a136
7908,,0.43,0.0,0.43,2022-01-27,402f14a4-0e1a-4e18-ae13-402bccd2f039,,SPEND,GBP,AUTHORISED,ad253b19-face-450a-9876-c96ea9f5012c
7908,,0.43,0.0,0.43,2022-01-27,402f14a4-0e1a-4e18-ae13-402bccd2f039,,SPEND,GBP,AUTHORISED,67bfab55-b683-4115-9ab3-59bbe514bfb7
7908,,0.43,0.0,0.43,2022-01-27,402f14a4-0e1a-4e18-ae13-402bccd2f039,,SPEND,GBP,AUTHORISED,3ccf31e1-1a68-4f42-8b19-297c621d46d4
7908,,0.43,0.0,0.43,2022-01-27,402f14a4-0e1a-4e18-ae13-402bccd2f039,,SPEND,GBP,AUTHORISED,b2ed6deb-f6f7-48c4-a39f-c7d94303a882
7911,Bank Charges,35.21,0.0,35.21,2022-01-17,88463645-3718-4cc7-8975-fc8dfa1f291e,,SPEND,GBP,AUTHORISED,8b71cb8a-e6e1-4b4e-9243-274a83de0275
7901,,14.0,0.0,14.0,2022-01-30,88463645-3718-4cc7-8975-fc8dfa1f291e,,SPEND,GBP,AUTHORISED,26d47ebf-a3ae-4a42-bf84-54ff1ed82cc3
2220,,929.76,0.0,929.76,2022-01-28,88463645-3718-4cc7-8975-fc8dfa1f291e,,SPEND,GBP,AUTHORISED,eef7c88f-778b-4c7e-8cde-61eef56c20b7
7908,,0.43,0.0,0.43,2022-01-28,402f14a4-0e1a-4e18-ae13-402bccd2f039,,SPEND,GBP,AUTHORISED,ca629c17-c270-471c-af47-06a8e574ddd4
7908,,0.43,0.0,0.43,2022-01-28,402f14a4-0e1a-4e18-ae13-402bccd2f039,,SPEND,GBP,AUTHORISED,a928e8c9-eb96-4ce3-b07b-be3b677d6d58
7908,,0.43,0.0,0.43,2022-01-28,402f14a4-0e1a-4e18-ae13-402bccd2f039,,SPEND,GBP,AUTHORISED,bf6a185a-51b4-40f9-bc23-31714b2f1613
7908,,0.43,0.0,0.43,2022-01-28,402f14a4-0e1a-4e18-ae13-402bccd2f039,,SPEND,GBP,AUTHORISED,a6a9bfa9-d459-4197-9903-fb3b9cc9699e
7908,,0.43,0.0,0.43,2022-01-29,402f14a4-0e1a-4e18-ae13-402bccd2f039,,SPEND,GBP,AUTHORISED,a0172d55-2813-4c42-9009-db9796007d66
7908,,0.43,0.0,0.43,2022-01-30,402f14a4-0e1a-4e18-ae13-402bccd2f039,,SPEND,GBP,AUTHORISED,bd7109b8-1c1a-41c3-bf34-d3a7547c05be
7908,,0.43,0.0,0.43,2022-01-28,402f14a4-0e1a-4e18-ae13-402bccd2f039,,SPEND,GBP,AUTHORISED,f21f9650-79b6-4727-800f-8fdc77e84eec
7601,,410.0,82.0,492.0,2022-02-01,88463645-3718-4cc7-8975-fc8dfa1f291e,,SPEND,GBP,AUTHORISED,ee6cfca9-be81-4bac-af69-55be272511a8
7908,,0.43,0.0,0.43,2022-01-31,402f14a4-0e1a-4e18-ae13-402bccd2f039,,SPEND,GBP,AUTHORISED,e62a063c-1c97-4ac7-85a6-2b875c06f645
7908,,0.43,0.0,0.43,2022-01-31,402f14a4-0e1a-4e18-ae13-402bccd2f039,,SPEND,GBP,AUTHORISED,dc53a04a-1c88-4d56-bac3-a41285aea377
7908,,0.43,0.0,0.43,2022-02-01,402f14a4-0e1a-4e18-ae13-402bccd2f039,,SPEND,GBP,AUTHORISED,74044b18-02ab-4ab5-8275-beb234a6572f
7908,,4.43,0.0,4.43,2022-01-31,402f14a4-0e1a-4e18-ae13-402bccd2f039,,SPEND,GBP,AUTHORISED,b8e726da-af75-489f-a79d-a23d6f774db4
7908,,0.43,0.0,0.43,2022-02-02,402f14a4-0e1a-4e18-ae13-402bccd2f039,,SPEND,GBP,AUTHORISED,475516b5-71c3-4a17-98ca-267db6389f55
7908,,0.43,0.0,0.43,2022-02-02,402f14a4-0e1a-4e18-ae13-402bccd2f039,,SPEND,GBP,AUTHORISED,c59a2342-b7f2-43af-9c08-e740d022ca05
7908,,0.43,0.0,0.43,2022-02-03,402f14a4-0e1a-4e18-ae13-402bccd2f039,,SPEND,GBP,AUTHORISED,9b6fa511-13e9-48d7-8ab1-fcfb3e501d1e
7908,,0.43,0.0,0.43,2022-02-02,402f14a4-0e1a-4e18-ae13-402bccd2f039,,SPEND,GBP,AUTHORISED,9cb08810-c2e1-43db-8e36-44bff8cce901
7908,,0.43,0.0,0.43,2022-02-04,402f14a4-0e1a-4e18-ae13-402bccd2f039,,SPEND,GBP,AUTHORISED,4c6a14ea-05a3-4a79-8e3e-2cdb4a02eb4d
7908,,0.43,0.0,0.43,2022-02-06,402f14a4-0e1a-4e18-ae13-402bccd2f039,,SPEND,GBP,AUTHORISED,8ed1bb7d-61c3-4166-a157-8ff840a8b55a
7908,,0.43,0.0,0.43,2022-02-06,402f14a4-0e1a-4e18-ae13-402bccd2f039,,SPEND,GBP,AUTHORISED,43dbc7ec-e60b-4561-aace-c46623b18e15
2202,,29847.78,0.0,29847.78,2022-02-10,88463645-3718-4cc7-8975-fc8dfa1f291e,,SPEND,GBP,AUTHORISED,36dbb3d7-0ed0-4487-b6aa-5a6827ef5a6a
7908,,0.43,0.0,0.43,2022-02-07,402f14a4-0e1a-4e18-ae13-402bccd2f039,,SPEND,GBP,AUTHORISED,0d896196-d92c-4760-bfec-0e4025b67dce
7908,,5.72,0.0,5.72,2022-02-07,402f14a4-0e1a-4e18-ae13-402bccd2f039,,SPEND,GBP,AUTHORISED,bfee48ad-a553-400a-987d-623ee036c045
7908,,0.43,0.0,0.43,2022-02-09,402f14a4-0e1a-4e18-ae13-402bccd2f039,,SPEND,GBP,AUTHORISED,7e64387a-2089-4ed5-8860-bcbb29037c04
7908,,9.0,0.0,9.0,2022-02-09,402f14a4-0e1a-4e18-ae13-402bccd2f039,,SPEND,GBP,AUTHORISED,853855ff-6b66-454b-8308-67451a1a6215
7908,,0.43,0.0,0.43,2022-02-10,402f14a4-0e1a-4e18-ae13-402bccd2f039,,SPEND,GBP,AUTHORISED,20b15605-8479-4c84-bc42-0a6dc4532c21
7908,,0.43,0.0,0.43,2022-02-10,402f14a4-0e1a-4e18-ae13-402bccd2f039,,SPEND,GBP,AUTHORISED,5249c9d3-f03a-44b0-a6ea-a8441fa433a1
7908,,1.29,0.0,1.29,2022-02-10,402f14a4-0e1a-4e18-ae13-402bccd2f039,,SPEND,GBP,AUTHORISED,b3519001-1628-442f-937b-a797d8723150
7908,,0.43,0.0,0.43,2022-02-10,402f14a4-0e1a-4e18-ae13-402bccd2f039,,SPEND,GBP,AUTHORISED,f43656b3-9715-4e2b-980c-9796661136d2
2220,,929.76,0.0,929.76,2022-02-11,88463645-3718-4cc7-8975-fc8dfa1f291e,,SPEND,GBP,AUTHORISED,ed27606e-fc94-4d55-933a-ee2b9ff5bb10
2202,Reversal of VAT payment,29847.78,0.0,29847.78,2022-02-10,88463645-3718-4cc7-8975-fc8dfa1f291e,,RECEIVE,GBP,AUTHORISED,97347e03-68e0-442c-8422-e4bc2bef21d2
7908,,0.43,0.0,0.43,2022-02-12,402f14a4-0e1a-4e18-ae13-402bccd2f039,,SPEND,GBP,AUTHORISED,a2e11d14-1c3b-457b-9b03-b4f189f3893f
7908,,0.43,0.0,0.43,2022-02-13,402f14a4-0e1a-4e18-ae13-402bccd2f039,,SPEND,GBP,AUTHORISED,2788aef8-792d-4986-83bc-4c96f9e8c358
7908,,0.43,0.0,0.43,2022-02-12,402f14a4-0e1a-4e18-ae13-402bccd2f039,,SPEND,GBP,AUTHORISED,619bdb83-54ae-40b6-974b-d74bb937eaf1
1205,Bank Transfer to HSBC Credit Card.,,,97.0,2022-02-15,88463645-3718-4cc7-8975-fc8dfa1f291e,,SPEND-TRANSFER,GBP,AUTHORISED,ea988729-d6b1-415d-a2d1-f3f020603c94
7908,,2.56,0.0,2.56,2022-02-14,402f14a4-0e1a-4e18-ae13-402bccd2f039,,SPEND,GBP,AUTHORISED,1a270b65-7dbd-4e2e-a516-c7610b7fde88
6200,,4.5,0.0,4.5,2022-02-01,402f14a4-0e1a-4e18-ae13-402bccd2f039,,SPEND,GBP,DELETED,5c66f43e-2377-4eb4-a541-2379b52050f0
7911,Bank Charges,10.8,0.0,10.8,2022-02-14,88463645-3718-4cc7-8975-fc8dfa1f291e,,SPEND,GBP,AUTHORISED,442175b5-a2c3-4735-a732-c54c594aff17
7911,Bank Charges,19.42,0.0,19.42,2022-02-07,88463645-3718-4cc7-8975-fc8dfa1f291e,,SPEND,GBP,AUTHORISED,7ecb935d-49e6-448b-8d30-063b029a15d9
4002,Refund for AL20_1837,96.25,19.25,115.5,2022-02-03,402f14a4-0e1a-4e18-ae13-402bccd2f039,,SPEND,GBP,AUTHORISED,d20f7664-f589-45cd-823c-8902b306da7c
7908,,0.43,0.0,0.43,2022-02-17,402f14a4-0e1a-4e18-ae13-402bccd2f039,,SPEND,GBP,AUTHORISED,1f67d2d8-ef55-49c2-aaf0-b4ed578b27fb
4003,,3.75,0.75,4.5,2022-02-01,402f14a4-0e1a-4e18-ae13-402bccd2f039,,SPEND,GBP,AUTHORISED,6082a6f3-d5c7-4b93-be73-2737520aacdc
7908,,0.43,0.0,0.43,2022-02-18,402f14a4-0e1a-4e18-ae13-402bccd2f039,,SPEND,GBP,AUTHORISED,454edcbd-c91b-4c49-ab73-9cbed27872de
,Bank Transfer to GBP.,,,3033.31,2022-02-18,402f14a4-0e1a-4e18-ae13-402bccd2f039,,SPEND-TRANSFER,GBP,AUTHORISED,a992d231-02bf-4b59-86ec-d0bcdcfbcb74
7908,,0.43,0.0,0.43,2022-02-20,402f14a4-0e1a-4e18-ae13-402bccd2f039,,SPEND,GBP,AUTHORISED,792e5a7e-c9b5-43cf-a7a7-95a1a1944b61
7908,,0.43,0.0,0.43,2022-02-20,402f14a4-0e1a-4e18-ae13-402bccd2f039,,SPEND,GBP,AUTHORISED,6db712ba-efee-4dfe-b53d-f94fe5e66f02
1205,Bank Transfer from GBP PayPal.,,,3033.31,2022-02-18,88463645-3718-4cc7-8975-fc8dfa1f291e,,RECEIVE-TRANSFER,GBP,AUTHORISED,4c78ae55-1dc0-4c1f-9dc4-af771c5efd10
2210,,460.48,0.0,460.48,2022-02-21,88463645-3718-4cc7-8975-fc8dfa1f291e,,SPEND,GBP,AUTHORISED,f3fa3800-c92e-4718-8801-87d483784e59
7901,Non-Sterling Transaction Fee,1.47,0.0,1.47,2022-02-21,88463645-3718-4cc7-8975-fc8dfa1f291e,,SPEND,GBP,AUTHORISED,615ec583-8576-443d-8624-84d51dad5fa2
7908,,4.19,0.0,4.19,2022-02-21,402f14a4-0e1a-4e18-ae13-402bccd2f039,,SPEND,GBP,AUTHORISED,05720920-40c6-4548-a8be-b7034ecbfb5b
7908,,0.43,0.0,0.43,2022-02-21,402f14a4-0e1a-4e18-ae13-402bccd2f039,,SPEND,GBP,AUTHORISED,6bae973f-020c-41c9-91c2-50cbf013e86a
7901,,2.5,0.0,2.5,2022-02-10,88463645-3718-4cc7-8975-fc8dfa1f291e,,SPEND,GBP,AUTHORISED,614a062c-671e-4e15-85af-f282785f1e2c
7908,,0.43,0.0,0.43,2022-02-22,402f14a4-0e1a-4e18-ae13-402bccd2f039,,SPEND,GBP,AUTHORISED,deddfccd-e59f-4dc1-a315-722ddfa1a6bb
7908,,0.43,0.0,0.43,2022-02-21,402f14a4-0e1a-4e18-ae13-402bccd2f039,,SPEND,GBP,AUTHORISED,3833a6d8-0fb4-45b5-8198-09cc90b66bee
7911,Bank Charges,48.64,0.0,48.64,2022-02-21,88463645-3718-4cc7-8975-fc8dfa1f291e,,SPEND,GBP,AUTHORISED,96d57b34-c81a-4c79-bc85-2da40bac15d0
2220,,929.76,0.0,929.76,2022-02-25,88463645-3718-4cc7-8975-fc8dfa1f291e,,SPEND,GBP,AUTHORISED,e0d3ad50-3587-44f7-a0dc-f11163ca53ab
7601,,410.0,82.0,492.0,2022-03-01,88463645-3718-4cc7-8975-fc8dfa1f291e,,SPEND,GBP,AUTHORISED,8f449242-377e-412c-bb04-e28d43ba75fa
7908,,0.43,0.0,0.43,2022-03-01,402f14a4-0e1a-4e18-ae13-402bccd2f039,,SPEND,GBP,AUTHORISED,adeb05ab-51ff-42a5-a5eb-2688d9158373
7908,,5.81,0.0,5.81,2022-03-02,402f14a4-0e1a-4e18-ae13-402bccd2f039,,SPEND,GBP,AUTHORISED,9612688a-57bb-4638-9843-2d3193feb012
7901,,14.0,0.0,14.0,2022-03-02,88463645-3718-4cc7-8975-fc8dfa1f291e,,SPEND,GBP,AUTHORISED,b99e0b50-b6b7-427a-8ac7-a414a420265c
7908,,0.43,0.0,0.43,2022-03-06,402f14a4-0e1a-4e18-ae13-402bccd2f039,,SPEND,GBP,AUTHORISED,33fe296a-c33d-4e6f-9dc4-a9e70d229748
4002,Refund for AL20_1783,227.5,45.5,273.0,2022-02-14,402f14a4-0e1a-4e18-ae13-402bccd2f039,,SPEND,GBP,AUTHORISED,7151233f-014f-47df-92b9-08537b1a4c98
4003,Partial refund for AL20_1795,29.17,5.83,35.0,2022-02-24,402f14a4-0e1a-4e18-ae13-402bccd2f039,,SPEND,GBP,AUTHORISED,3d1cb99e-497b-4e92-bb07-70028551ec58
4002,Refund for AL20_1920,118.75,23.75,142.5,2022-03-01,402f14a4-0e1a-4e18-ae13-402bccd2f039,,SPEND,GBP,AUTHORISED,1d0bd00e-5582-42a4-bb4f-5a667c5e03f6
1205,Bank Transfer to GBP PayPal.,,,234.0,2022-03-02,88463645-3718-4cc7-8975-fc8dfa1f291e,,SPEND-TRANSFER,GBP,AUTHORISED,febbe4b7-d96d-4d6a-85bf-cf19a8db6bff
1205,Bank Transfer to GBP PayPal.,,,142.5,2022-02-24,88463645-3718-4cc7-8975-fc8dfa1f291e,,SPEND-TRANSFER,GBP,AUTHORISED,51a875ed-3149-413a-83d6-da8205a7a2cf
,Bank Transfer from GBP.,,,142.5,2022-02-24,402f14a4-0e1a-4e18-ae13-402bccd2f039,,RECEIVE-TRANSFER,GBP,AUTHORISED,c3449bd6-2a22-4d36-9d56-7ad762327267
,Bank Transfer from GBP.,,,234.0,2022-03-02,402f14a4-0e1a-4e18-ae13-402bccd2f039,,RECEIVE-TRANSFER,GBP,AUTHORISED,fd0953b2-2a81-4865-83dd-83cf01449175
7908,,0.43,0.0,0.43,2022-03-08,402f14a4-0e1a-4e18-ae13-402bccd2f039,,SPEND,GBP,AUTHORISED,1ef89dfe-c798-4aea-bf63-08a9a82266c6
7908,,0.43,0.0,0.43,2022-03-09,402f14a4-0e1a-4e18-ae13-402bccd2f039,,SPEND,GBP,AUTHORISED,3f4c4429-1cb7-4528-9967-008a0b1cf2df
2220,,929.56,0.0,929.56,2022-03-11,88463645-3718-4cc7-8975-fc8dfa1f291e,,SPEND,GBP,AUTHORISED,a0bc30a8-2fbb-4147-8e2d-e865c482eefc
7908,,0.43,0.0,0.43,2022-03-11,402f14a4-0e1a-4e18-ae13-402bccd2f039,,SPEND,GBP,AUTHORISED,2a840248-94c9-4710-b4ff-d97f3c4fc00f
7908,,0.91,0.0,0.91,2022-03-12,402f14a4-0e1a-4e18-ae13-402bccd2f039,,SPEND,GBP,AUTHORISED,bc35a6dd-20d9-4eee-a758-aed3632bb97d
7908,,0.43,0.0,0.43,2022-03-13,402f14a4-0e1a-4e18-ae13-402bccd2f039,,SPEND,GBP,AUTHORISED,27aeff3e-51f9-469f-818a-9d12cfd724d1
1205,Bank Transfer to HSBC Credit Card.,,,98.0,2022-03-17,88463645-3718-4cc7-8975-fc8dfa1f291e,,SPEND-TRANSFER,GBP,AUTHORISED,0b9e49ae-23f3-4771-bd51-38b434ddbc5a
7908,,3.83,0.0,3.83,2022-03-12,402f14a4-0e1a-4e18-ae13-402bccd2f039,,SPEND,GBP,AUTHORISED,a29999c0-bc02-4ca3-b253-43ce640ea0e0
7908,,0.43,0.0,0.43,2022-03-14,402f14a4-0e1a-4e18-ae13-402bccd2f039,,SPEND,GBP,AUTHORISED,3323d6cc-47ea-41ad-b155-b77776b339f8
7908,,3.05,0.0,3.05,2022-03-15,402f14a4-0e1a-4e18-ae13-402bccd2f039,,SPEND,GBP,AUTHORISED,3abbcf1c-eeef-4d57-9b00-675dbeda7435
7911,Bank Charges,11.35,0.0,11.35,2022-03-07,88463645-3718-4cc7-8975-fc8dfa1f291e,,SPEND,GBP,AUTHORISED,cb3a4455-3270-4b5e-8778-3de882352ab6
4002,Partial refund for AL20_1792,195.0,39.0,234.0,2022-03-07,402f14a4-0e1a-4e18-ae13-402bccd2f039,,SPEND,GBP,AUTHORISED,596833e9-478b-4c08-915c-e6a1197d043c
7908,,0.43,0.0,0.43,2022-03-17,402f14a4-0e1a-4e18-ae13-402bccd2f039,,SPEND,GBP,AUTHORISED,0599acb9-b872-4592-a29a-9f671db91ab7
4002,Partial refund for AL20_1835,286.61,57.32,343.93,2022-03-15,402f14a4-0e1a-4e18-ae13-402bccd2f039,,SPEND,GBP,AUTHORISED,9c3aa861-a256-4d71-8870-ba884cdcfed1
7908,,0.43,0.0,0.43,2022-03-19,402f14a4-0e1a-4e18-ae13-402bccd2f039,,SPEND,GBP,AUTHORISED,07f2ccfc-a165-4df3-ab25-55bc8da67e58
7908,,0.43,0.0,0.43,2022-03-19,402f14a4-0e1a-4e18-ae13-402bccd2f039,,SPEND,GBP,AUTHORISED,02503b60-6992-4020-a2eb-6be03ea57602
7908,,0.43,0.0,0.43,2022-03-20,402f14a4-0e1a-4e18-ae13-402bccd2f039,,SPEND,GBP,AUTHORISED,b3d5be18-9f2a-48e6-8d5a-6cb34a2c2136
2210,,460.48,0.0,460.48,2022-03-21,88463645-3718-4cc7-8975-fc8dfa1f291e,,SPEND,GBP,AUTHORISED,2d4cb72a-0857-4c88-a704-05d28e74c36c
7911,Bank charges,10.75,0.0,10.75,2022-03-14,88463645-3718-4cc7-8975-fc8dfa1f291e,,SPEND,GBP,AUTHORISED,9fbc5736-7407-4068-864c-329c6ef3324e
4003,Refund for AL20_2009,12.08,2.42,14.5,2022-03-14,402f14a4-0e1a-4e18-ae13-402bccd2f039,,SPEND,GBP,AUTHORISED,2160d8d5-df31-494b-a707-0ce0ebe0ec78
4002,AL20_1783,217.72,43.54,261.26,2022-02-14,402f14a4-0e1a-4e18-ae13-402bccd2f039,,RECEIVE,GBP,AUTHORISED,e3cc32b1-e31d-4750-9b0d-e29b676a6b90
4002,Refund for AL20_1783,217.72,43.54,261.26,2022-02-11,402f14a4-0e1a-4e18-ae13-402bccd2f039,,SPEND,GBP,AUTHORISED,540d08b1-1b23-41d9-bfe1-a354967d7099
7901,Non-Sterling Transaction Fee,1.53,0.0,1.53,2022-03-23,88463645-3718-4cc7-8975-fc8dfa1f291e,,SPEND,GBP,AUTHORISED,8b6159bf-4975-49db-a8dc-8f478a591327
2220,,929.76,0.0,929.76,2022-03-25,88463645-3718-4cc7-8975-fc8dfa1f291e,,SPEND,GBP,AUTHORISED,8d29758f-6af3-40c9-b5c6-ee5bb7fcec58
1211,Bank Transfer from GBP.,,,108.0,2021-09-16,b69a3ffc-737f-4b9c-a422-537ab5f55ae8,,RECEIVE-TRANSFER,GBP,AUTHORISED,841e12ce-77fd-436c-bf02-a349527d53bd
7900,,49.05,0.0,49.05,2021-10-10,b69a3ffc-737f-4b9c-a422-537ab5f55ae8,,SPEND,GBP,AUTHORISED,06bd1640-06ec-48e5-9f49-1f2ce76b565f
1211,Bank Transfer from GBP.,,,104.0,2021-11-16,b69a3ffc-737f-4b9c-a422-537ab5f55ae8,,RECEIVE-TRANSFER,GBP,AUTHORISED,eb34cd24-82c1-44b3-a6a1-b3bd26c7c129
7900,,50.63,0.0,50.63,2021-12-12,b69a3ffc-737f-4b9c-a422-537ab5f55ae8,,SPEND,GBP,AUTHORISED,4eb17ed6-22d3-4ea6-b568-f6573671c1f4
1211,Bank Transfer from GBP.,,,107.0,2021-12-20,b69a3ffc-737f-4b9c-a422-537ab5f55ae8,,RECEIVE-TRANSFER,GBP,AUTHORISED,14a304cc-0e6c-47af-9a5c-de4659f4edc7
7900,,45.41,0.0,45.41,2022-01-11,b69a3ffc-737f-4b9c-a422-537ab5f55ae8,,SPEND,GBP,AUTHORISED,791554a2-77cc-4a5d-bb8b-b70c1fb3a10b
1211,Bank Transfer from GBP.,,,101.0,2022-01-18,b69a3ffc-737f-4b9c-a422-537ab5f55ae8,,RECEIVE-TRANSFER,GBP,AUTHORISED,dcfaa66a-2134-49ac-ae16-b8f5de350b67
7900,,41.72,0.0,41.72,2022-02-08,b69a3ffc-737f-4b9c-a422-537ab5f55ae8,,SPEND,GBP,AUTHORISED,38cceb58-5f70-44ed-8dae-54aed80830af
1211,Bank Transfer from GBP.,,,97.0,2022-02-15,b69a3ffc-737f-4b9c-a422-537ab5f55ae8,,RECEIVE-TRANSFER,GBP,AUTHORISED,ac769566-2ba6-4bdd-b2a7-13aaa21c80ac
7900,,43.99,0.0,43.99,2022-03-10,b69a3ffc-737f-4b9c-a422-537ab5f55ae8,,SPEND,GBP,AUTHORISED,4d6be998-c6f5-41d3-8d5a-f1d7f0a384eb
1211,Bank Transfer from GBP.,,,108.0,2021-10-18,b69a3ffc-737f-4b9c-a422-537ab5f55ae8,,RECEIVE-TRANSFER,GBP,AUTHORISED,9dd7fb1b-bdfc-4ea5-9c0a-d5fd94d7edfa
7900,,46.76,0.0,46.76,2021-11-10,b69a3ffc-737f-4b9c-a422-537ab5f55ae8,,SPEND,GBP,AUTHORISED,dbd59f3a-93ef-4b09-a6ae-67edd0f85ecf
7908,,0.43,0.0,0.43,2022-03-25,402f14a4-0e1a-4e18-ae13-402bccd2f039,,SPEND,GBP,AUTHORISED,a54ad18c-8f9f-4ded-bec9-03de9525dd72
7908,,0.43,0.0,0.43,2022-03-28,402f14a4-0e1a-4e18-ae13-402bccd2f039,,SPEND,GBP,AUTHORISED,9006dc59-ebcc-4e5a-971f-e3ac619f90b4
7908,,0.43,0.0,0.43,2022-03-28,402f14a4-0e1a-4e18-ae13-402bccd2f039,,SPEND,GBP,AUTHORISED,c540d4bd-8439-4a0b-a242-2fa7b1340299
1205,Bank Transfer to GBP PayPal.,,,303.0,2022-03-31,88463645-3718-4cc7-8975-fc8dfa1f291e,,SPEND-TRANSFER,GBP,AUTHORISED,21335357-1800-4ee3-8a35-4f874d499257
7911,Bank charges,14.79,0.0,14.79,2022-03-21,88463645-3718-4cc7-8975-fc8dfa1f291e,,SPEND,GBP,AUTHORISED,f1a0e279-4422-4abe-9453-de5861cf7b7e
7901,,14.0,0.0,14.0,2022-03-30,88463645-3718-4cc7-8975-fc8dfa1f291e,,SPEND,GBP,AUTHORISED,a6b37c58-a9ea-4568-9cbd-ec47896f86ec
7601,,410.0,82.0,492.0,2022-04-01,88463645-3718-4cc7-8975-fc8dfa1f291e,,SPEND,GBP,AUTHORISED,b90f58a1-efb0-4450-95ae-ff7611e1aeff
7901,Bank charges,48.64,0.0,48.64,2022-02-21,88463645-3718-4cc7-8975-fc8dfa1f291e,,SPEND,GBP,DELETED,967cfdf6-559c-4430-b279-5e40b8097bdf
7908,,3.85,0.0,3.85,2022-04-01,402f14a4-0e1a-4e18-ae13-402bccd2f039,,SPEND,GBP,AUTHORISED,72446708-1ec3-40ed-9ad0-9c92f99b6ae4
,Bank Transfer from GBP.,,,303.0,2022-03-31,402f14a4-0e1a-4e18-ae13-402bccd2f039,,RECEIVE-TRANSFER,GBP,AUTHORISED,06ca01b5-a50d-4382-991c-f8fce033f507
7911,Bank Charges,7.51,0.0,7.51,2022-02-28,88463645-3718-4cc7-8975-fc8dfa1f291e,,SPEND,GBP,AUTHORISED,c90ca5b1-ed5e-4e16-a38f-80fe8c852254
7911,Bank Charges,22.32,0.0,22.32,2022-01-24,88463645-3718-4cc7-8975-fc8dfa1f291e,,SPEND,GBP,AUTHORISED,b5437700-3cb1-4105-80ae-f31ee7586b0d
4002,Refund AL20_1809,252.5,50.5,303.0,2022-04-05,402f14a4-0e1a-4e18-ae13-402bccd2f039,,SPEND,GBP,AUTHORISED,4246abeb-ea97-4543-b3f6-81ce03ee6e1c
2220,,921.45,0.0,921.45,2022-04-08,88463645-3718-4cc7-8975-fc8dfa1f291e,,SPEND,GBP,AUTHORISED,057cc92d-d3a8-46c5-a20f-01400f780272
7908,,0.43,0.0,0.43,2022-04-08,402f14a4-0e1a-4e18-ae13-402bccd2f039,,SPEND,GBP,AUTHORISED,fcc57518-82ae-4173-8809-8b353a9d75ea
1205,Bank Transfer to HSBC Credit Card.,,,94.0,2022-04-14,88463645-3718-4cc7-8975-fc8dfa1f291e,,SPEND-TRANSFER,GBP,AUTHORISED,2afa120f-91d7-4518-b36a-70d62a68bf49
2503,,5000.0,0.0,5000.0,2022-04-15,88463645-3718-4cc7-8975-fc8dfa1f291e,,SPEND,GBP,AUTHORISED,05d74023-23af-4626-849c-75c85d687e5a
7908,,0.43,0.0,0.43,2022-04-17,402f14a4-0e1a-4e18-ae13-402bccd2f039,,SPEND,GBP,AUTHORISED,fd162276-3ba6-4903-8a9a-bccaf775ab29
7908,,4.05,0.0,4.05,2022-04-18,402f14a4-0e1a-4e18-ae13-402bccd2f039,,SPEND,GBP,AUTHORISED,c51c5f35-2266-4f6c-ac7e-6cb6a5d25ece
7908,,0.43,0.0,0.43,2022-04-12,402f14a4-0e1a-4e18-ae13-402bccd2f039,,SPEND,GBP,AUTHORISED,35330498-3cb6-419a-b18e-87097e00ed24
4000,,76.62,15.32,91.94,2022-03-16,402f14a4-0e1a-4e18-ae13-402bccd2f039,,SPEND,GBP,AUTHORISED,1a9109f6-9eb8-494a-81df-e5ea59de66c5
4000,,76.62,15.32,91.94,2022-03-18,402f14a4-0e1a-4e18-ae13-402bccd2f039,,RECEIVE,GBP,AUTHORISED,aab736a1-8c09-43cc-a15c-85998c9ad4b3
6201,,70.0,0.0,70.0,2022-03-07,88463645-3718-4cc7-8975-fc8dfa1f291e,,SPEND,GBP,DELETED,dfc79560-3094-484a-89ce-5456cefa34d1
6201,,70.0,0.0,70.0,2022-03-07,88463645-3718-4cc7-8975-fc8dfa1f291e,,SPEND,GBP,DELETED,c64f6e8f-09b6-4710-8bfd-940c25ee6768
2210,,460.68,0.0,460.68,2022-04-19,88463645-3718-4cc7-8975-fc8dfa1f291e,,SPEND,GBP,AUTHORISED,b675a64a-51d4-42f3-93c7-df6f2e75cb8e
6201,,70.0,0.0,70.0,2022-04-11,88463645-3718-4cc7-8975-fc8dfa1f291e,,SPEND,GBP,DELETED,be150263-2312-4975-ba46-74fa022c0be5
2220,,921.45,0.0,921.45,2022-04-22,88463645-3718-4cc7-8975-fc8dfa1f291e,,SPEND,GBP,AUTHORISED,0550fe50-f52c-4c35-af78-0989cd0a12cd
7901,Non-Sterling Transaction Fee,1.54,0.0,1.54,2022-04-22,88463645-3718-4cc7-8975-fc8dfa1f291e,,SPEND,GBP,AUTHORISED,6f74263e-e638-4eef-b6cd-0124841f17ba
6201,,70.0,0.0,70.0,2022-04-11,88463645-3718-4cc7-8975-fc8dfa1f291e,,SPEND,GBP,AUTHORISED,c5897ce9-5191-40c5-a40e-10a3d6aa36a5
7908,,0.43,0.0,0.43,2022-04-24,402f14a4-0e1a-4e18-ae13-402bccd2f039,,SPEND,GBP,AUTHORISED,fc092afc-e28d-4cce-98ed-85c9a616e7a2
7900,,40.46,0.0,40.46,2022-04-07,b69a3ffc-737f-4b9c-a422-537ab5f55ae8,,SPEND,GBP,AUTHORISED,0e920ccf-51f4-4cf0-b6b9-be9d55c45d63
1211,Bank Transfer from GBP.,,,98.0,2022-03-17,b69a3ffc-737f-4b9c-a422-537ab5f55ae8,,RECEIVE-TRANSFER,GBP,AUTHORISED,06ed453c-4186-4f5c-bfa6-9e566b5770f0
7605,,203.84,40.77,244.61,2021-11-08,88463645-3718-4cc7-8975-fc8dfa1f291e,,SPEND,GBP,AUTHORISED,a1f54ca6-0f25-4a71-a1e3-e9780f00ec72
2504,VISA Application,159.9,0.0,159.9,2022-03-10,88463645-3718-4cc7-8975-fc8dfa1f291e,,SPEND,GBP,AUTHORISED,99968ea6-333a-4c3d-9042-19bc89c1b8bd
2503,,5000.0,0.0,5000.0,2022-05-01,88463645-3718-4cc7-8975-fc8dfa1f291e,,SPEND,GBP,AUTHORISED,d56dfb99-5da3-4697-9fad-03064199fbad
7901,,14.0,0.0,14.0,2022-04-30,88463645-3718-4cc7-8975-fc8dfa1f291e,,SPEND,GBP,AUTHORISED,ded31ee1-2592-4c74-a8dd-a0c1ac4dbf76
7601,,410.0,82.0,492.0,2022-05-03,88463645-3718-4cc7-8975-fc8dfa1f291e,,SPEND,GBP,AUTHORISED,68f76be0-6430-4e22-a612-42fcf197ed2e
7901,,0.2,0.0,0.2,2022-05-03,88463645-3718-4cc7-8975-fc8dfa1f291e,,SPEND,GBP,AUTHORISED,b99d1d74-f773-469e-b446-341ebe60cd19
7908,,0.43,0.0,0.43,2022-05-02,402f14a4-0e1a-4e18-ae13-402bccd2f039,,SPEND,GBP,AUTHORISED,fde316e6-e547-4a32-ad36-eb28e87923d1
7908,,3.64,0.0,3.64,2022-04-30,402f14a4-0e1a-4e18-ae13-402bccd2f039,,SPEND,GBP,AUTHORISED,4773ca6f-4039-46d0-9fe5-d2283f4b592d
7901,Bank Charges,17.0,0.0,17.0,2022-05-05,88463645-3718-4cc7-8975-fc8dfa1f291e,,SPEND,GBP,AUTHORISED,ccac7a3d-b82b-498c-b7bd-d5a71777bdd3
7901,,24.92,0.0,24.92,2022-05-06,88463645-3718-4cc7-8975-fc8dfa1f291e,,SPEND,GBP,AUTHORISED,cfb903f4-ff76-47ad-971d-8152609165c8
2202,,1854.13,0.0,1854.13,2022-05-11,88463645-3718-4cc7-8975-fc8dfa1f291e,,SPEND,GBP,AUTHORISED,9e787715-97c9-4e80-9fb3-36632d685508
2220,,921.45,0.0,921.45,2022-05-06,88463645-3718-4cc7-8975-fc8dfa1f291e,,SPEND,GBP,AUTHORISED,167e8bc0-3da3-4900-9be3-ac907a8cce53
2202,,31701.91,0.0,31701.91,2022-05-06,88463645-3718-4cc7-8975-fc8dfa1f291e,,SPEND,GBP,DELETED,34aa6f08-55a0-404f-9b5b-b4c75bb6af77
2202,HMRC VAT          991794949,31701.91,0.0,31701.91,2022-05-06,88463645-3718-4cc7-8975-fc8dfa1f291e,,SPEND,GBP,AUTHORISED,a7556000-29e6-413b-8817-b6f50b4fb66e
2300,HMRC CORP TAX CUMB5667720903A00112A,6629.91,0.0,6629.91,2022-05-05,88463645-3718-4cc7-8975-fc8dfa1f291e,,SPEND,GBP,AUTHORISED,5d25fec0-3980-47a6-9afe-bf79afbdeb70
7908,,3.66,0.0,3.66,2022-05-11,402f14a4-0e1a-4e18-ae13-402bccd2f039,,SPEND,GBP,AUTHORISED,5cc8ddf8-72fe-45fa-9d82-5f267c5ad075
1205,Bank Transfer to HSBC Credit Card.,,,100.0,2022-05-17,88463645-3718-4cc7-8975-fc8dfa1f291e,,SPEND-TRANSFER,GBP,AUTHORISED,d7fa330b-61fa-4a71-8709-93e971173833
7911,Bank Charges,13.24,0.0,13.24,2022-05-16,88463645-3718-4cc7-8975-fc8dfa1f291e,,SPEND,GBP,AUTHORISED,11ff4be2-d429-4b0c-a10b-f3ecb9bd20bc
2210,,477.1,0.0,477.1,2022-05-19,88463645-3718-4cc7-8975-fc8dfa1f291e,,SPEND,GBP,AUTHORISED,df8c0064-0500-4c39-810e-266e9b0af9e7
2220,,921.45,0.0,921.45,2022-05-20,88463645-3718-4cc7-8975-fc8dfa1f291e,,SPEND,GBP,AUTHORISED,d453c5f0-7bff-4313-baa7-40d9a7b2012a
7901,Non-Sterling Transaction Fee,1.61,0.0,1.61,2022-05-23,88463645-3718-4cc7-8975-fc8dfa1f291e,,SPEND,GBP,AUTHORISED,36a29ab8-9a52-405d-a93e-a56451bff3a1
7911,Bank Charges,1.2,0.0,1.2,2022-05-23,88463645-3718-4cc7-8975-fc8dfa1f291e,,SPEND,GBP,AUTHORISED,941c7e97-ff3d-4611-a823-cdcfe7ff523d
4002,Partial refund for AL20_2060,88.33,17.66,105.99,2022-05-25,402f14a4-0e1a-4e18-ae13-402bccd2f039,,SPEND,GBP,AUTHORISED,e5d39bb4-de7c-44b7-8317-5e673ba67bce
7908,,0.43,0.0,0.43,2022-05-28,402f14a4-0e1a-4e18-ae13-402bccd2f039,,SPEND,GBP,AUTHORISED,cb0f26f6-36a4-4f87-bec1-14c2f12b90f8
2503,,7000.0,0.0,7000.0,2022-05-30,88463645-3718-4cc7-8975-fc8dfa1f291e,,SPEND,GBP,AUTHORISED,78bb593c-e41f-4c33-b93f-5fc60205f60c
7901,,14.0,0.0,14.0,2022-05-30,88463645-3718-4cc7-8975-fc8dfa1f291e,,SPEND,GBP,AUTHORISED,0a2e2ee0-1433-403d-a495-ee4103c01d41
7601,,410.0,82.0,492.0,2022-06-01,88463645-3718-4cc7-8975-fc8dfa1f291e,,SPEND,GBP,AUTHORISED,81e50ca7-a2fc-4b92-ba19-ac89805945b9
2220,,921.45,0.0,921.45,2022-06-01,88463645-3718-4cc7-8975-fc8dfa1f291e,,SPEND,GBP,AUTHORISED,8a8dcbee-6820-4161-8ed6-b0d123ae22c4
6201,,70.0,0.0,70.0,2022-05-03,88463645-3718-4cc7-8975-fc8dfa1f291e,,SPEND,GBP,AUTHORISED,db940b97-9c7b-458c-bd56-d4d27cda8c16
7908,,2.14,0.0,2.14,2022-05-31,402f14a4-0e1a-4e18-ae13-402bccd2f039,,SPEND,GBP,AUTHORISED,0358a964-f771-47b5-886b-a15d57873684
7908,,4.74,0.0,4.74,2022-05-31,402f14a4-0e1a-4e18-ae13-402bccd2f039,,SPEND,GBP,AUTHORISED,531d8331-819b-4015-8689-223de33c822c
6201,,70.0,0.0,70.0,2022-05-09,88463645-3718-4cc7-8975-fc8dfa1f291e,,SPEND,GBP,DELETED,b632a48e-4be9-405a-98b7-0e1c884c155f
6201,,70.0,0.0,70.0,2022-05-16,88463645-3718-4cc7-8975-fc8dfa1f291e,,SPEND,GBP,DELETED,c60d8d24-bc24-47f4-9dad-dc0cbfd65467
7911,Bank Charges,0.6,0.0,0.6,2022-05-30,88463645-3718-4cc7-8975-fc8dfa1f291e,,SPEND,GBP,AUTHORISED,fb69a897-ab52-484f-af67-7beb4f23f9c5
7911,Bank Charges,0.3,0.0,0.3,2022-06-06,88463645-3718-4cc7-8975-fc8dfa1f291e,,SPEND,GBP,AUTHORISED,8fd6618e-5bd3-420e-9c2a-ff0cf3fbd108
1211,Bank Transfer from GBP.,,,94.0,2022-04-14,b69a3ffc-737f-4b9c-a422-537ab5f55ae8,,RECEIVE-TRANSFER,GBP,AUTHORISED,b8565283-8631-4288-92cb-28e562a9a6f4
7900,,46.92,0.0,46.92,2022-05-10,b69a3ffc-737f-4b9c-a422-537ab5f55ae8,,SPEND,GBP,AUTHORISED,3b0036fc-39aa-4adf-86c2-7fbf33dc68d3
7911,Bank Charges,0.6,0.0,0.6,2022-06-13,88463645-3718-4cc7-8975-fc8dfa1f291e,,SPEND,GBP,AUTHORISED,0ccf8c9b-7b11-4aac-a477-ea6ba50d4b2a
6102,Ankorstore Commissions,64.05,0.0,64.05,2022-06-13,88463645-3718-4cc7-8975-fc8dfa1f291e,,SPEND,GBP,AUTHORISED,b6e33165-b4e2-4540-81ea-0278625d486c
6102,Ankorstore Commissions,78.75,0.0,78.75,2022-03-29,88463645-3718-4cc7-8975-fc8dfa1f291e,,SPEND,GBP,AUTHORISED,44e7e369-4873-4a8e-a404-3ca686188a59
6102,Ankorstore Commissions,51.84,0.0,51.84,2022-03-09,88463645-3718-4cc7-8975-fc8dfa1f291e,,SPEND,GBP,AUTHORISED,b4b57496-a12e-4032-91ed-94352fa352e6
6102,Ankorstore Commissions,18.03,0.0,18.03,2022-06-06,88463645-3718-4cc7-8975-fc8dfa1f291e,,SPEND,GBP,AUTHORISED,90ec4263-9b4f-4c30-896c-96373b1cd296
1205,Bank Transfer to HSBC Credit Card.,,,94.0,2022-06-16,88463645-3718-4cc7-8975-fc8dfa1f291e,,SPEND-TRANSFER,GBP,AUTHORISED,3e6d13ab-0a1e-45da-b912-a089263c96b3
6205,,58.69,0.0,58.69,2022-05-23,88463645-3718-4cc7-8975-fc8dfa1f291e,,SPEND,GBP,AUTHORISED,a859ab4a-e212-47d3-bb08-bd9d4f667ada
2220,,935.65,0.0,935.65,2022-06-17,88463645-3718-4cc7-8975-fc8dfa1f291e,,SPEND,GBP,AUTHORISED,8eda718d-f481-43bc-9e41-785d62eb728f
2210,,715.65,0.0,715.65,2022-06-17,88463645-3718-4cc7-8975-fc8dfa1f291e,,SPEND,GBP,AUTHORISED,da8bcdb6-e035-45a6-a0cd-764c17b5b22b
7908,,0.43,0.0,0.43,2022-06-22,402f14a4-0e1a-4e18-ae13-402bccd2f039,,SPEND,GBP,AUTHORISED,b6323817-14f8-4849-842d-9031b2236fe7
7908,,0.91,0.0,0.91,2022-06-27,402f14a4-0e1a-4e18-ae13-402bccd2f039,,SPEND,GBP,AUTHORISED,d0abda6b-aae7-4af8-9547-d4e0e8bcd333
7908,,0.43,0.0,0.43,2022-06-27,402f14a4-0e1a-4e18-ae13-402bccd2f039,,SPEND,GBP,AUTHORISED,c180008d-fa8b-4c35-932a-fa80778da1a3
7908,,0.43,0.0,0.43,2022-06-27,402f14a4-0e1a-4e18-ae13-402bccd2f039,,SPEND,GBP,AUTHORISED,4f883cc3-866c-4b0b-a595-8bf306f2f142
7911,Bank Charges,0.34,0.0,0.34,2022-06-27,88463645-3718-4cc7-8975-fc8dfa1f291e,,SPEND,GBP,AUTHORISED,ae36a315-4866-40d7-be6e-89bddabe867d
7901,Non-Sterling Transaction Fee,1.64,0.0,1.64,2022-06-21,88463645-3718-4cc7-8975-fc8dfa1f291e,,SPEND,GBP,AUTHORISED,1a700d19-41c5-4bee-a31c-5aa03b86b7e4
1211,Bank Transfer from GBP.,,,100.0,2022-05-17,b69a3ffc-737f-4b9c-a422-537ab5f55ae8,,RECEIVE-TRANSFER,GBP,AUTHORISED,6f67af3a-fedf-4daf-aa33-e4c3a9597c3d
7900,,42.04,0.0,42.04,2022-06-09,b69a3ffc-737f-4b9c-a422-537ab5f55ae8,,SPEND,GBP,AUTHORISED,cd2192f1-9bb1-445f-9799-259d92d132be
7901,,14.0,0.0,14.0,2022-06-30,88463645-3718-4cc7-8975-fc8dfa1f291e,,SPEND,GBP,AUTHORISED,6d94b102-2a7b-4eb8-ade2-638d5fba09f9
6205,,59.85,0.0,59.85,2022-06-21,88463645-3718-4cc7-8975-fc8dfa1f291e,,SPEND,GBP,DELETED,f8097211-f974-4f9c-bc2c-531d5e68544c
1211,Bank Transfer from GBP.,,,94.0,2022-06-16,b69a3ffc-737f-4b9c-a422-537ab5f55ae8,,RECEIVE-TRANSFER,GBP,AUTHORISED,71ac0002-caad-4246-a5ed-16c797ddc918
2501,,3955.48,0.0,3955.48,2021-09-10,88463645-3718-4cc7-8975-fc8dfa1f291e,,SPEND,GBP,AUTHORISED,cf47da17-4689-44d7-b9f5-63bca464b4a3
2601,Bounce Back Loan Repayment,887.37,0.0,887.37,2022-01-24,88463645-3718-4cc7-8975-fc8dfa1f291e,,SPEND,GBP,AUTHORISED,254c108d-1b13-446e-9f4f-1db607fc0d09
2601,Bounce Back Loan Repayment,887.37,0.0,887.37,2022-04-22,88463645-3718-4cc7-8975-fc8dfa1f291e,,SPEND,GBP,AUTHORISED,cdbfced4-0f4d-438a-b389-3c6a687ab980
2601,Bounce Back Loan Repayment,887.37,0.0,887.37,2021-08-23,88463645-3718-4cc7-8975-fc8dfa1f291e,,SPEND,GBP,AUTHORISED,98c5e1b4-b973-457a-b5d3-7d77c69b81b0
2601,Bounce Back Loan Repayment,887.37,0.0,887.37,2021-11-22,88463645-3718-4cc7-8975-fc8dfa1f291e,,SPEND,GBP,AUTHORISED,1b449afc-51db-4140-9d76-440e33ec32ad
2601,Bounce Back Loan Repayment,887.37,0.0,887.37,2022-02-22,88463645-3718-4cc7-8975-fc8dfa1f291e,,SPEND,GBP,AUTHORISED,71c654fd-50eb-4cec-99e8-6763dadf5384
2601,Bounce Back Loan Repayment,887.37,0.0,887.37,2021-09-22,88463645-3718-4cc7-8975-fc8dfa1f291e,,SPEND,GBP,AUTHORISED,b92d3b3d-c92e-42e0-bb0e-b1f033aa9e8d
2601,Bounce Back Loan Repayment,887.37,0.0,887.37,2021-07-22,88463645-3718-4cc7-8975-fc8dfa1f291e,,SPEND,GBP,AUTHORISED,ed8a5f3c-3a03-48d9-8e29-b5598becb0c3
2601,Bounce Back Loan Repayment,887.37,0.0,887.37,2021-10-22,88463645-3718-4cc7-8975-fc8dfa1f291e,,SPEND,GBP,AUTHORISED,e0618379-4401-45b3-b977-cb0707556101
2601,Bounce Back Loan Repayment,887.37,0.0,887.37,2021-12-22,88463645-3718-4cc7-8975-fc8dfa1f291e,,SPEND,GBP,AUTHORISED,2d1685c9-9d27-41c7-9769-cd400711f98f
2601,Bounce Back Loan Repayment,887.37,0.0,887.37,2022-03-22,88463645-3718-4cc7-8975-fc8dfa1f291e,,SPEND,GBP,AUTHORISED,3c439408-dd24-4b75-a912-f2f2315411e1
2601,Bounce Back Loan Repayment,887.37,0.0,887.37,2022-05-23,88463645-3718-4cc7-8975-fc8dfa1f291e,,SPEND,GBP,AUTHORISED,445bdeca-bee6-4ccb-99d3-fe374356d27c
2601,Bounce Back Loan Repayment,887.37,0.0,887.37,2022-06-22,88463645-3718-4cc7-8975-fc8dfa1f291e,,SPEND,GBP,AUTHORISED,d4d951a2-eda0-4eca-ab8c-8e80fe13b77e
6900,PHM Annual Filing Fee,13.0,0.0,13.0,2021-11-03,88463645-3718-4cc7-8975-fc8dfa1f291e,,SPEND,GBP,AUTHORISED,f8f48aa7-735e-49c6-b26a-eafeb9186be9
5003,,42.0,0.0,42.0,2021-07-19,88463645-3718-4cc7-8975-fc8dfa1f291e,,SPEND,GBP,AUTHORISED,ef33dc0a-7a1e-436c-8a80-d74f810ac3e1
7901,INV-0787 - Vente-prive,0.2,0.0,0.2,2022-02-24,88463645-3718-4cc7-8975-fc8dfa1f291e,,SPEND,GBP,AUTHORISED,9a43d4a5-870c-485f-ae13-191ed7345c20
7901,INV-0787 - Vente-prive,0.2,0.0,0.2,2022-03-03,88463645-3718-4cc7-8975-fc8dfa1f291e,,SPEND,GBP,AUTHORISED,417abd8f-0efe-4c1a-ad1c-dda82e4c0ee0
7901,INV-0787 - Vente-prive,0.2,0.0,0.2,2022-03-31,88463645-3718-4cc7-8975-fc8dfa1f291e,,SPEND,GBP,AUTHORISED,ed9d9d2a-4cfb-4c5a-9cc5-268f2ec8e03e
