AccountCode,Description,SubTotal,TotalTax,TotalAmount,Date,DueDate,Status,Type,CurrencyCode,InvoiceID
5003,.,8707.99,0.0,8707.99,2021-07-01,2021-08-01,PAID,ACCPAY,GBP,9e29ecfa-3fd6-43df-9436-211d3263799d
4002,CLOSED MULE SLIPPERS SUEDE CHESTNUT S (37-38),120.0,24.0,144.0,2021-07-11,2021-07-11,PAID,ACCREC,GBP,83df482f-c687-4008-a5a5-5ab40211cfe9
4002,MULE SLING BACK PINK 7 (40),59.33,11.87,71.2,2021-07-12,2021-07-12,PAID,ACCREC,GBP,1cf5911c-e7c4-40e6-a4b7-62bcfbf4ac98
6200,.,20.0,4.0,24.0,2021-07-01,2021-08-01,PAID,ACCPAY,GBP,4bed765e-6af2-476c-8c58-ba2760b740c6
7607,Admin Cost - USA Hours,2500.0,0.0,2500.0,2021-07-05,2021-08-05,PAID,ACCPAY,GBP,3899fdc7-3687-4a40-8fdd-7aaa8592b57c
6201,Winter Shoot,6500.0,1300.0,7800.0,2021-07-14,2021-07-16,PAID,ACCPAY,GBP,16d2aa46-8955-4593-a7dc-148a08c972b1
6201,.,527.52,0.0,527.52,2021-07-22,2021-08-22,PAID,ACCPAY,GBP,371f6157-0a32-45fc-ad5b-1c945c6f51e8
6201,.,2050.0,410.0,2460.0,2021-07-16,2021-07-23,PAID,ACCPAY,GBP,da2c85fb-6f75-4c91-ba28-b902daac7191
6200,CLOSED MULE SLIPPED PRINT COW SPLAT S (37-38),0.0,0.0,0.0,2021-07-13,2021-07-13,PAID,ACCREC,GBP,f4e84353-82d5-4292-96fb-bc3d09327d08
4002,COSY X SHORT BUFF LEATHER SADDLE 6 (39),57.5,11.5,69.0,2021-07-19,2021-07-19,PAID,ACCREC,GBP,0cb05d3c-9491-4efc-81e9-6aa825c9dd08
4002,MUCHAS BUFF LEATHER WHISKY 7 (40),71.67,14.33,86.0,2021-07-21,2021-07-21,PAID,ACCREC,GBP,7f77ad3b-5a1d-4884-8de6-f26c0516dab0
4000,Sales Invoice,58.54,11.71,70.25,2021-07-26,2021-07-26,VOIDED,ACCREC,GBP,c903185c-adf9-4d22-b286-d919edfaff1d
4000,Sales Invoice,150.0,20.0,170.0,2021-07-26,2021-07-26,VOIDED,ACCREC,GBP,9e16f70a-6401-4e41-bba1-472d070d99a1
4000,Sales Invoice,502.45,100.49,602.94,2021-07-26,2021-07-26,VOIDED,ACCREC,GBP,a3df631b-ed86-4d9f-a3e8-fde38cf7421a
4000,Sales Invoice,123.32,24.66,147.98,2021-07-26,2021-07-26,VOIDED,ACCREC,GBP,e6f01b6d-2820-42f8-a0ce-f5607d143e9c
4000,Sales Invoice,293.95,48.8,342.75,2021-07-26,2021-07-26,VOIDED,ACCREC,GBP,c86d9d00-b993-4d42-a6c2-15c8b5cd254c
4000,Sales Invoice,329.45,65.89,395.34,2021-07-26,2021-08-25,VOIDED,ACCREC,GBP,ffb8f9ad-f68d-4775-8589-6e7b03bd6371
4000,Sales Invoice,87.15,17.43,104.58,2021-07-26,2021-07-26,VOIDED,ACCREC,GBP,42cf1f9f-8f05-414a-9d63-657848839bb4
4000,Sales Invoice,108.25,21.65,129.9,2021-07-26,2021-07-26,VOIDED,ACCREC,GBP,46159a27-29bb-435f-9d61-046fecc6784b
4000,Sales Invoice,71.27,14.25,85.52,2021-07-26,2021-07-26,VOIDED,ACCREC,GBP,9da64e92-26e2-4090-908e-4b32a9365c0f
4000,Sales Invoice,2408.5,481.7,2890.2,2021-07-26,2021-08-25,VOIDED,ACCREC,GBP,cea99f47-f3e3-4d98-a1da-c26df647644a
4000,Sales Invoice,45.0,9.0,54.0,2021-07-26,2021-07-26,VOIDED,ACCREC,GBP,90fe3ce7-fd26-486c-a8e9-0ae64f40f0f5
6205,.,53.99,0.0,53.99,2021-07-25,2021-08-25,PAID,ACCPAY,USD,ae830f1e-4746-4b2c-a8ea-b555e2d369c8
6201,.,364.0,0.0,364.0,2021-07-19,2021-08-19,PAID,ACCPAY,GBP,c9916375-20fe-40da-99fb-6848aa66faf2
4002,PROST BUFF LEATHER SADDLE 7 (40),48.71,9.74,58.45,2021-07-24,2021-07-24,PAID,ACCREC,GBP,f7e12933-c200-491f-b76e-557e7a75ef69
4002,KUTA BUFF LEATHER CROW 6 (39),48.71,9.74,58.45,2021-07-24,2021-07-24,PAID,ACCREC,GBP,a9ae0b95-2c73-40f4-ace1-7a721957b92b
4002,CLOSED MULE SLIPPERS SUEDE SAND  (37-38),41.58,8.32,49.9,2021-07-24,2021-07-24,PAID,ACCREC,GBP,5933a6c5-7fe2-4b94-a221-ed5da6ea13fe
4002,CLOSED MULE SLIPPERS SUEDE SAND L (40-41),78.33,15.67,94.0,2021-08-06,2021-08-06,PAID,ACCREC,GBP,97ec8c70-e60f-4220-a31f-507889302be3
6205,.,20.0,4.0,24.0,2021-08-01,2021-09-01,PAID,ACCPAY,GBP,31c45f90-ea91-42b0-b246-7cb499cb061c
6901,.,375.15,75.03,450.18,2021-07-31,2021-08-30,PAID,ACCPAY,GBP,2c84139e-66bc-4bd8-93d0-f53bbe641bde
7607,Admin Cost - USA Hours,3125.0,0.0,3125.0,2021-08-05,2021-09-05,PAID,ACCPAY,GBP,a8b3a9d0-e37c-436d-a076-3aaeda308520
5003,.,3968.65,0.0,3968.65,2021-08-20,2021-09-19,PAID,ACCPAY,GBP,f279867a-0536-4b3b-8391-d3d347f25212
5003,.,3304.15,0.0,3304.15,2021-08-24,2021-09-23,PAID,ACCPAY,GBP,dcd1168e-cf9e-4da3-bbd5-06d88dadf344
7606,.,200.0,0.0,200.0,2021-07-31,2021-08-30,PAID,ACCPAY,GBP,7778d438-5ffd-4ab6-b22d-f7f421b92ed4
6205,.,53.99,0.0,53.99,2021-08-24,2021-09-23,PAID,ACCPAY,USD,0bc27fb3-1cef-4af2-a1e1-bb4c0ac7e5cc
4002,MARCOS CHESTNUT CONSTELLATION 6 (39),161.67,32.33,194.0,2021-08-15,2021-08-15,PAID,ACCREC,GBP,5578cf6a-2046-459b-bd7e-4e1d1ee9a5b7
,"LADIES FOOTWEAR 2021AW
",21330.0,0.0,21330.0,2021-07-15,2021-09-13,DELETED,ACCPAY,USD,63def904-42d0-4d7e-b80d-64d34ede3f33
,"LADIES FOOTWEAR 2021AW
",14640.0,0.0,14640.0,2021-07-15,2021-09-13,DELETED,ACCPAY,USD,0df2d926-18b6-4963-84fb-0b4d22dec49e
,"LADIES FOOTWEAR 2021AW
",63440.0,0.0,63440.0,2021-07-15,2021-09-13,DELETED,ACCPAY,USD,79c471bb-4de9-47be-8127-c63fdfce8b7d
,"LADIES FOOTWEAR 2021AW
",63440.0,0.0,63440.0,2021-07-15,2021-09-13,DELETED,ACCPAY,USD,3c0f0d48-e446-4f4f-b590-8cd7efc82ad5
7501,"FREIGHT FOR PRESS SAMPLE 
",306.0,0.0,306.0,2021-07-09,2021-08-09,PAID,ACCPAY,USD,34b787b2-a413-4c16-aee8-3f5a5bf042c4
7501,"1ZA5195Y0447238706
",755.0,0.0,755.0,2021-08-11,2021-09-11,PAID,ACCPAY,USD,589a61ea-e99f-4a75-a371-adf103aeb818
7501,"9882633655
",135.0,0.0,135.0,2021-08-10,2021-09-10,PAID,ACCPAY,USD,ced86dd2-19d4-4c57-b0ff-5c46336fb6d0
7607,Admin Cost - USA Hours,2750.0,0.0,2750.0,2021-09-03,2021-10-03,PAID,ACCPAY,GBP,ca32a6d6-bcd9-4a10-9098-b3feda738d35
4000,"CMU206PS-SP CLOSED MULE SKINSPLAT
",103100.0,20620.0,123720.0,2021-08-26,2021-09-25,PAID,ACCREC,GBP,a88530ee-481f-43b8-bf79-1aeb8e1eef69
4000,MUCHAS LUXEBLACK4 (EU37),2710.4,0.0,2710.4,2021-09-10,2021-10-10,DELETED,ACCREC,GBP,cfeaca13-211f-4fad-a247-e2f1ae9a89dc
6100,UK Wholesale Comms FW21,5125.02,0.0,5125.02,2021-09-07,2021-10-07,PAID,ACCPAY,GBP,e5d2bdd6-25fd-425e-901e-e496035db682
5003,.,187.47,0.0,187.47,2021-09-03,2021-10-03,PAID,ACCPAY,GBP,ca4a7456-a576-4252-9304-032d650ea2e4
6100,Commissions Brand Alley 1 AW,1830.69,0.0,1830.69,2021-09-07,2021-10-07,PAID,ACCPAY,GBP,ad3074bc-695f-401c-b074-84a03453c58e
5003,.,6326.2,0.0,6326.2,2021-07-13,2021-08-12,PAID,ACCPAY,GBP,d94282fe-1bad-4308-8ce2-1e54e7cf7e9d
,WOMENS SLIPPER 2021AW - FOB 5 JUNE,61750.0,12350.0,74100.0,2021-07-08,2021-08-09,PAID,ACCREC,GBP,15377cdb-af06-4433-bc3a-ef1668534361
6100,Brand Alley Commission,1830.67,366.13,2196.8,2021-09-08,2021-10-08,PAID,ACCPAY,GBP,72d73f9d-bf41-49a7-8f7d-e12c814159b3
5003,Customs Duty and Deferment Fee,2343.52,0.0,2343.52,2021-09-20,2021-10-19,PAID,ACCPAY,GBP,a92c4b43-b947-4c5a-82be-f671adf80309
5003,.,13533.83,0.0,13533.83,2021-08-03,2021-09-03,PAID,ACCPAY,GBP,b0636d5c-5c77-479c-9f8a-47600db917e9
5003,.,13533.83,0.0,13533.83,2021-08-03,2021-09-03,PAID,ACCPAY,GBP,2197fb86-bd14-4d26-8b56-4c07b899fb37
5003,.,14676.53,0.0,14676.53,2021-09-22,2021-10-22,PAID,ACCPAY,GBP,7f855632-f745-49f9-a14f-6c1bbb3ff148
4000,"MOOC017BL-WW MOOCHAS CURLY WHISKY



",160.0,32.0,192.0,2021-08-01,2021-09-01,PAID,ACCREC,GBP,c57d89ff-4245-49b6-b73c-ed525a8e2c72
4000,COS203BL-SM COSY SHORT BUFF SMOKE 4 (EU37),1560.0,312.0,1872.0,2021-09-10,2021-10-10,PAID,ACCREC,GBP,92e63c43-8c4a-4b12-9362-71bedadd5dd8
6205,.,72.99,0.0,72.99,2021-09-23,2021-10-23,PAID,ACCPAY,USD,3410f789-7ef1-421a-a246-2a5f09bc85db
6205,.,20.0,4.0,24.0,2021-09-01,2021-10-01,PAID,ACCPAY,GBP,90946568-b505-43cc-a8d7-3ce37ca1b83b
6901,.,283.82,56.76,340.58,2021-08-31,2021-09-30,PAID,ACCPAY,GBP,017a9237-4466-4562-b9f7-f35a528b0c01
5003,.,333.5,0.0,333.5,2021-09-30,2021-10-30,PAID,ACCPAY,GBP,1b05595f-79e3-4cde-ae8b-c5893eb31a5f
5003,.,1011.5,0.0,1011.5,2021-09-30,2021-10-30,PAID,ACCPAY,GBP,f59c0604-427f-449c-a923-d1f3b0ad2ad8
5003,.,1011.5,0.0,1011.5,2021-08-31,2021-09-30,PAID,ACCPAY,GBP,49a7efd7-fad0-47f6-998f-c47a87770a6a
5003,.,1716.5,0.0,1716.5,2021-08-31,2021-09-30,PAID,ACCPAY,GBP,dff4f045-1305-4599-87e1-276daf367ba6
5003,.,230.0,0.0,230.0,2021-08-18,2021-09-18,PAID,ACCPAY,GBP,650d5292-7438-4f34-85e2-11159b18b68d
5003,.,7368.42,0.0,7368.42,2021-08-03,2021-09-03,PAID,ACCPAY,GBP,348d0943-67df-4a19-9be7-e60a4c0bc668
4002,BUSHMILL BLACK 5 (38),145.32,29.08,174.4,2021-09-28,2021-09-28,PAID,ACCREC,GBP,230e917d-a6ff-4322-8ee8-1dc20d165adf
4002,MULE SLING BACK CHESTNUT 8 (41),6.99,1.41,8.4,2021-09-21,2021-09-21,PAID,ACCREC,GBP,0a112d9a-e192-4284-beb7-8e3199af7175
4002,MUCHAS LUXE FAUX FUR SAND 7 (40),31.34,6.26,37.6,2021-09-23,2021-09-23,PAID,ACCREC,GBP,1f0a733b-c96d-4efb-9dee-9951461d4cfb
7607,USA Hours,3375.0,0.0,3375.0,2021-10-06,2021-11-05,PAID,ACCPAY,GBP,149e1343-6466-4b1d-b0a5-5521651c1eeb
6201,.,70.0,0.0,70.0,2021-07-05,2021-08-12,PAID,ACCPAY,GBP,7fefe32c-3fac-4d66-8175-1692d4d1eb05
6201,.,70.0,0.0,70.0,2021-08-30,2021-09-29,PAID,ACCPAY,GBP,9e1a4467-db69-4044-90e7-534b66901011
6201,.,70.0,0.0,70.0,2021-09-27,2021-09-27,PAID,ACCPAY,GBP,3f5f05c7-171c-4c8a-a738-45277925b7ff
6201,.,70.0,0.0,70.0,2021-10-05,2021-11-04,PAID,ACCPAY,GBP,0d4c5f4e-d559-404b-9a8f-3bccbdc69670
6201,.,70.0,0.0,70.0,2021-07-26,2021-08-26,PAID,ACCPAY,GBP,16493975-dc8a-40c9-9120-b31508e7eb6d
6201,.,70.0,0.0,70.0,2021-07-19,2021-08-19,PAID,ACCPAY,GBP,f7531132-c528-4998-b7be-af08eb4a3d27
6201,.,70.0,0.0,70.0,2021-08-16,2021-09-16,PAID,ACCPAY,GBP,0130b7ba-8c68-438d-8f7a-74780aa218a1
6201,.,70.0,0.0,70.0,2021-08-16,2021-09-16,PAID,ACCPAY,GBP,2f2ed65c-9af9-4b63-a685-aacd1af35f54
6201,.,70.0,0.0,70.0,2021-08-16,2021-08-23,PAID,ACCPAY,GBP,75099e1e-a618-496f-aecd-85a36787ad8b
6201,.,70.0,0.0,70.0,2021-08-27,2021-09-26,PAID,ACCPAY,GBP,1ec27d57-b1d2-4716-85e8-af527d10a2c8
6201,.,70.0,0.0,70.0,2021-09-06,2021-10-06,PAID,ACCPAY,GBP,0393c1c5-134d-4ee4-b1cd-b091738b05b3
6201,.,70.0,0.0,70.0,2021-09-20,2021-09-20,PAID,ACCPAY,GBP,6cc4cdce-b0a0-4af0-aad8-8e155e80a6a4
6201,.,70.0,0.0,70.0,2021-07-12,2021-08-12,PAID,ACCPAY,GBP,c23514ea-adee-4c6f-a821-d2418bf7d58e
6201,.,70.0,0.0,70.0,2021-09-13,2021-10-13,PAID,ACCPAY,GBP,434b9e2b-1d83-4d7f-8b88-d034f5813bbf
4002,TSAR SHORT LUXE BLACK 7 (EU40),333.33,66.67,400.0,2021-10-05,2021-10-05,PAID,ACCREC,GBP,96994e68-58a5-43d7-9467-2be51ca14aed
,"LADIES FOOTWEAR 2021AW
",47144.78,0.0,47144.78,2021-07-30,2021-09-28,PAID,ACCREC,GBP,0879bd2b-5227-4c31-9164-42182595cc8c
,LADIES FOOTWEAR 2021AW,10879.56,0.0,10879.56,2021-07-30,2021-09-28,PAID,ACCREC,GBP,f836b763-7b2c-4b58-a7e9-4d442f7c927b
,"LADIES FOOTWEAR 2021AW
",15851.16,0.0,15851.16,2021-07-30,2021-09-28,PAID,ACCREC,GBP,2916806f-5d20-4073-9992-77a3af3fac7d
,LADIES FOOTWEAR 2021AW,47144.78,0.0,47144.78,2021-07-30,2021-09-28,PAID,ACCREC,GBP,f2c0548b-6701-4147-8646-ea15d7cc2112
4002,MUCHAS BUFF LEATHER CROW 7 (40),82.5,16.5,99.0,2021-07-18,2021-07-18,PAID,ACCREC,GBP,d08e39ff-1a43-4c54-957b-e545234ce479
4002,MULE SLING BACK SAND 6 (39),125.0,25.0,150.0,2021-07-21,2021-07-21,PAID,ACCREC,GBP,c23c98f9-5cf9-4361-90be-2e3aa30ea43b
4002,HOMEWURK BUFF LEATHER CROW 5 (38),60.58,12.12,72.7,2021-07-24,2021-07-24,PAID,ACCREC,GBP,a76c102c-9ea2-4abd-a80c-9f95ebb622fe
4002,COSY X SHORT BUFF LEATHER SADDLE 5 (38),55.04,11.01,66.05,2021-07-27,2021-07-27,PAID,ACCREC,GBP,ed3bbff6-65eb-4ce4-9cb8-edc6bf47d22f
4002,COSY X SHORT SUEDE SAND 5 (38),57.5,11.5,69.0,2021-08-16,2021-08-16,PAID,ACCREC,GBP,8bf9a90f-2aa0-4852-b02b-401cd1768cdb
4002,ATILLA SHORT BUFF PALE ,240.83,48.17,289.0,2021-09-30,2021-09-30,PAID,ACCREC,GBP,1ae300d3-cc88-4b4f-bb37-e67ad4c8a9bb
4002,NORDIC TALL LUXE CHESTNUT,362.5,72.5,435.0,2021-10-02,2021-10-02,PAID,ACCREC,GBP,48f7ea9a-475a-439e-8c48-bf38dc8930d7
6201,.,70.0,0.0,70.0,2021-10-05,2021-11-04,PAID,ACCPAY,GBP,29e0b6dc-c3d4-45d1-aaa6-c479e6860f92
5003,.,12030.08,0.0,12030.08,2021-08-03,2021-09-03,PAID,ACCPAY,GBP,45e990e1-2d05-4379-9521-9ea3b9a4b5f8
5003,.,12406.02,0.0,12406.02,2021-08-03,2021-09-03,PAID,ACCPAY,GBP,c10557a4-e609-4fa5-90b0-994d5ab1339b
5003,.,8707.99,0.0,8707.99,2021-07-01,2021-08-01,PAID,ACCPAY,GBP,9e29ecfa-3fd6-43df-9436-211d3263799d
4002,CLOSED MULE SLIPPERS SUEDE CHESTNUT S (37-38),120.0,24.0,144.0,2021-07-11,2021-07-11,PAID,ACCREC,GBP,83df482f-c687-4008-a5a5-5ab40211cfe9
4002,MULE SLING BACK PINK 7 (40),59.33,11.87,71.2,2021-07-12,2021-07-12,PAID,ACCREC,GBP,1cf5911c-e7c4-40e6-a4b7-62bcfbf4ac98
6200,.,20.0,4.0,24.0,2021-07-01,2021-08-01,PAID,ACCPAY,GBP,4bed765e-6af2-476c-8c58-ba2760b740c6
7607,Admin Cost - USA Hours,2500.0,0.0,2500.0,2021-07-05,2021-08-05,PAID,ACCPAY,GBP,3899fdc7-3687-4a40-8fdd-7aaa8592b57c
6201,Winter Shoot,6500.0,1300.0,7800.0,2021-07-14,2021-07-16,PAID,ACCPAY,GBP,16d2aa46-8955-4593-a7dc-148a08c972b1
6201,.,527.52,0.0,527.52,2021-07-22,2021-08-22,PAID,ACCPAY,GBP,371f6157-0a32-45fc-ad5b-1c945c6f51e8
6201,.,2050.0,410.0,2460.0,2021-07-16,2021-07-23,PAID,ACCPAY,GBP,da2c85fb-6f75-4c91-ba28-b902daac7191
6200,CLOSED MULE SLIPPED PRINT COW SPLAT S (37-38),0.0,0.0,0.0,2021-07-13,2021-07-13,PAID,ACCREC,GBP,f4e84353-82d5-4292-96fb-bc3d09327d08
4002,COSY X SHORT BUFF LEATHER SADDLE 6 (39),57.5,11.5,69.0,2021-07-19,2021-07-19,PAID,ACCREC,GBP,0cb05d3c-9491-4efc-81e9-6aa825c9dd08
4002,MUCHAS BUFF LEATHER WHISKY 7 (40),71.67,14.33,86.0,2021-07-21,2021-07-21,PAID,ACCREC,GBP,7f77ad3b-5a1d-4884-8de6-f26c0516dab0
4000,Sales Invoice,58.54,11.71,70.25,2021-07-26,2021-07-26,VOIDED,ACCREC,GBP,c903185c-adf9-4d22-b286-d919edfaff1d
4000,Sales Invoice,150.0,20.0,170.0,2021-07-26,2021-07-26,VOIDED,ACCREC,GBP,9e16f70a-6401-4e41-bba1-472d070d99a1
4000,Sales Invoice,502.45,100.49,602.94,2021-07-26,2021-07-26,VOIDED,ACCREC,GBP,a3df631b-ed86-4d9f-a3e8-fde38cf7421a
4000,Sales Invoice,123.32,24.66,147.98,2021-07-26,2021-07-26,VOIDED,ACCREC,GBP,e6f01b6d-2820-42f8-a0ce-f5607d143e9c
4000,Sales Invoice,293.95,48.8,342.75,2021-07-26,2021-07-26,VOIDED,ACCREC,GBP,c86d9d00-b993-4d42-a6c2-15c8b5cd254c
4000,Sales Invoice,329.45,65.89,395.34,2021-07-26,2021-08-25,VOIDED,ACCREC,GBP,ffb8f9ad-f68d-4775-8589-6e7b03bd6371
4000,Sales Invoice,87.15,17.43,104.58,2021-07-26,2021-07-26,VOIDED,ACCREC,GBP,42cf1f9f-8f05-414a-9d63-657848839bb4
4000,Sales Invoice,108.25,21.65,129.9,2021-07-26,2021-07-26,VOIDED,ACCREC,GBP,46159a27-29bb-435f-9d61-046fecc6784b
4000,Sales Invoice,71.27,14.25,85.52,2021-07-26,2021-07-26,VOIDED,ACCREC,GBP,9da64e92-26e2-4090-908e-4b32a9365c0f
4000,Sales Invoice,2408.5,481.7,2890.2,2021-07-26,2021-08-25,VOIDED,ACCREC,GBP,cea99f47-f3e3-4d98-a1da-c26df647644a
4000,Sales Invoice,45.0,9.0,54.0,2021-07-26,2021-07-26,VOIDED,ACCREC,GBP,90fe3ce7-fd26-486c-a8e9-0ae64f40f0f5
6205,.,53.99,0.0,53.99,2021-07-25,2021-08-25,PAID,ACCPAY,USD,ae830f1e-4746-4b2c-a8ea-b555e2d369c8
6201,.,364.0,0.0,364.0,2021-07-19,2021-08-19,PAID,ACCPAY,GBP,c9916375-20fe-40da-99fb-6848aa66faf2
4002,PROST BUFF LEATHER SADDLE 7 (40),48.71,9.74,58.45,2021-07-24,2021-07-24,PAID,ACCREC,GBP,f7e12933-c200-491f-b76e-557e7a75ef69
4002,KUTA BUFF LEATHER CROW 6 (39),48.71,9.74,58.45,2021-07-24,2021-07-24,PAID,ACCREC,GBP,a9ae0b95-2c73-40f4-ace1-7a721957b92b
4002,CLOSED MULE SLIPPERS SUEDE SAND  (37-38),41.58,8.32,49.9,2021-07-24,2021-07-24,PAID,ACCREC,GBP,5933a6c5-7fe2-4b94-a221-ed5da6ea13fe
4002,CLOSED MULE SLIPPERS SUEDE SAND L (40-41),78.33,15.67,94.0,2021-08-06,2021-08-06,PAID,ACCREC,GBP,97ec8c70-e60f-4220-a31f-507889302be3
6205,.,20.0,4.0,24.0,2021-08-01,2021-09-01,PAID,ACCPAY,GBP,31c45f90-ea91-42b0-b246-7cb499cb061c
6901,.,375.15,75.03,450.18,2021-07-31,2021-08-30,PAID,ACCPAY,GBP,2c84139e-66bc-4bd8-93d0-f53bbe641bde
7607,Admin Cost - USA Hours,3125.0,0.0,3125.0,2021-08-05,2021-09-05,PAID,ACCPAY,GBP,a8b3a9d0-e37c-436d-a076-3aaeda308520
5003,.,3968.65,0.0,3968.65,2021-08-20,2021-09-19,PAID,ACCPAY,GBP,f279867a-0536-4b3b-8391-d3d347f25212
5003,.,3304.15,0.0,3304.15,2021-08-24,2021-09-23,PAID,ACCPAY,GBP,dcd1168e-cf9e-4da3-bbd5-06d88dadf344
7606,.,200.0,0.0,200.0,2021-07-31,2021-08-30,PAID,ACCPAY,GBP,7778d438-5ffd-4ab6-b22d-f7f421b92ed4
6205,.,53.99,0.0,53.99,2021-08-24,2021-09-23,PAID,ACCPAY,USD,0bc27fb3-1cef-4af2-a1e1-bb4c0ac7e5cc
4002,MARCOS CHESTNUT CONSTELLATION 6 (39),161.67,32.33,194.0,2021-08-15,2021-08-15,PAID,ACCREC,GBP,5578cf6a-2046-459b-bd7e-4e1d1ee9a5b7
,"LADIES FOOTWEAR 2021AW
",21330.0,0.0,21330.0,2021-07-15,2021-09-13,DELETED,ACCPAY,USD,63def904-42d0-4d7e-b80d-64d34ede3f33
,"LADIES FOOTWEAR 2021AW
",14640.0,0.0,14640.0,2021-07-15,2021-09-13,DELETED,ACCPAY,USD,0df2d926-18b6-4963-84fb-0b4d22dec49e
,"LADIES FOOTWEAR 2021AW
",63440.0,0.0,63440.0,2021-07-15,2021-09-13,DELETED,ACCPAY,USD,79c471bb-4de9-47be-8127-c63fdfce8b7d
,"LADIES FOOTWEAR 2021AW
",63440.0,0.0,63440.0,2021-07-15,2021-09-13,DELETED,ACCPAY,USD,3c0f0d48-e446-4f4f-b590-8cd7efc82ad5
7501,"FREIGHT FOR PRESS SAMPLE 
",306.0,0.0,306.0,2021-07-09,2021-08-09,PAID,ACCPAY,USD,34b787b2-a413-4c16-aee8-3f5a5bf042c4
7501,"1ZA5195Y0447238706
",755.0,0.0,755.0,2021-08-11,2021-09-11,PAID,ACCPAY,USD,589a61ea-e99f-4a75-a371-adf103aeb818
7501,"9882633655
",135.0,0.0,135.0,2021-08-10,2021-09-10,PAID,ACCPAY,USD,ced86dd2-19d4-4c57-b0ff-5c46336fb6d0
7607,Admin Cost - USA Hours,2750.0,0.0,2750.0,2021-09-03,2021-10-03,PAID,ACCPAY,GBP,ca32a6d6-bcd9-4a10-9098-b3feda738d35
4000,"CMU206PS-SP CLOSED MULE SKINSPLAT
",103100.0,20620.0,123720.0,2021-08-26,2021-09-25,PAID,ACCREC,GBP,a88530ee-481f-43b8-bf79-1aeb8e1eef69
4000,MUCHAS LUXEBLACK4 (EU37),2710.4,0.0,2710.4,2021-09-10,2021-10-10,DELETED,ACCREC,GBP,cfeaca13-211f-4fad-a247-e2f1ae9a89dc
6100,UK Wholesale Comms FW21,5125.02,0.0,5125.02,2021-09-07,2021-10-07,PAID,ACCPAY,GBP,e5d2bdd6-25fd-425e-901e-e496035db682
5003,.,187.47,0.0,187.47,2021-09-03,2021-10-03,PAID,ACCPAY,GBP,ca4a7456-a576-4252-9304-032d650ea2e4
6100,Commissions Brand Alley 1 AW,1830.69,0.0,1830.69,2021-09-07,2021-10-07,PAID,ACCPAY,GBP,ad3074bc-695f-401c-b074-84a03453c58e
5003,.,6326.2,0.0,6326.2,2021-07-13,2021-08-12,PAID,ACCPAY,GBP,d94282fe-1bad-4308-8ce2-1e54e7cf7e9d
,WOMENS SLIPPER 2021AW - FOB 5 JUNE,61750.0,12350.0,74100.0,2021-07-08,2021-08-09,PAID,ACCREC,GBP,15377cdb-af06-4433-bc3a-ef1668534361
6100,Brand Alley Commission,1830.67,366.13,2196.8,2021-09-08,2021-10-08,PAID,ACCPAY,GBP,72d73f9d-bf41-49a7-8f7d-e12c814159b3
5003,Customs Duty and Deferment Fee,2343.52,0.0,2343.52,2021-09-20,2021-10-19,PAID,ACCPAY,GBP,a92c4b43-b947-4c5a-82be-f671adf80309
5003,.,13533.83,0.0,13533.83,2021-08-03,2021-09-03,PAID,ACCPAY,GBP,b0636d5c-5c77-479c-9f8a-47600db917e9
5003,.,13533.83,0.0,13533.83,2021-08-03,2021-09-03,PAID,ACCPAY,GBP,2197fb86-bd14-4d26-8b56-4c07b899fb37
5003,.,14676.53,0.0,14676.53,2021-09-22,2021-10-22,PAID,ACCPAY,GBP,7f855632-f745-49f9-a14f-6c1bbb3ff148
4000,"MOOC017BL-WW MOOCHAS CURLY WHISKY



",160.0,32.0,192.0,2021-08-01,2021-09-01,PAID,ACCREC,GBP,c57d89ff-4245-49b6-b73c-ed525a8e2c72
4000,COS203BL-SM COSY SHORT BUFF SMOKE 4 (EU37),1560.0,312.0,1872.0,2021-09-10,2021-10-10,PAID,ACCREC,GBP,92e63c43-8c4a-4b12-9362-71bedadd5dd8
6205,.,72.99,0.0,72.99,2021-09-23,2021-10-23,PAID,ACCPAY,USD,3410f789-7ef1-421a-a246-2a5f09bc85db
6205,.,20.0,4.0,24.0,2021-09-01,2021-10-01,PAID,ACCPAY,GBP,90946568-b505-43cc-a8d7-3ce37ca1b83b
6901,.,283.82,56.76,340.58,2021-08-31,2021-09-30,PAID,ACCPAY,GBP,017a9237-4466-4562-b9f7-f35a528b0c01
5003,.,333.5,0.0,333.5,2021-09-30,2021-10-30,PAID,ACCPAY,GBP,1b05595f-79e3-4cde-ae8b-c5893eb31a5f
5003,.,1011.5,0.0,1011.5,2021-09-30,2021-10-30,PAID,ACCPAY,GBP,f59c0604-427f-449c-a923-d1f3b0ad2ad8
5003,.,1011.5,0.0,1011.5,2021-08-31,2021-09-30,PAID,ACCPAY,GBP,49a7efd7-fad0-47f6-998f-c47a87770a6a
5003,.,1716.5,0.0,1716.5,2021-08-31,2021-09-30,PAID,ACCPAY,GBP,dff4f045-1305-4599-87e1-276daf367ba6
5003,.,230.0,0.0,230.0,2021-08-18,2021-09-18,PAID,ACCPAY,GBP,650d5292-7438-4f34-85e2-11159b18b68d
5003,.,7368.42,0.0,7368.42,2021-08-03,2021-09-03,PAID,ACCPAY,GBP,348d0943-67df-4a19-9be7-e60a4c0bc668
4002,BUSHMILL BLACK 5 (38),145.32,29.08,174.4,2021-09-28,2021-09-28,PAID,ACCREC,GBP,230e917d-a6ff-4322-8ee8-1dc20d165adf
4002,MULE SLING BACK CHESTNUT 8 (41),6.99,1.41,8.4,2021-09-21,2021-09-21,PAID,ACCREC,GBP,0a112d9a-e192-4284-beb7-8e3199af7175
4002,MUCHAS LUXE FAUX FUR SAND 7 (40),31.34,6.26,37.6,2021-09-23,2021-09-23,PAID,ACCREC,GBP,1f0a733b-c96d-4efb-9dee-9951461d4cfb
7607,USA Hours,3375.0,0.0,3375.0,2021-10-06,2021-11-05,PAID,ACCPAY,GBP,149e1343-6466-4b1d-b0a5-5521651c1eeb
6201,.,70.0,0.0,70.0,2021-07-05,2021-08-12,PAID,ACCPAY,GBP,7fefe32c-3fac-4d66-8175-1692d4d1eb05
6201,.,70.0,0.0,70.0,2021-08-30,2021-09-29,PAID,ACCPAY,GBP,9e1a4467-db69-4044-90e7-534b66901011
6201,.,70.0,0.0,70.0,2021-09-27,2021-09-27,PAID,ACCPAY,GBP,3f5f05c7-171c-4c8a-a738-45277925b7ff
6201,.,70.0,0.0,70.0,2021-10-05,2021-11-04,PAID,ACCPAY,GBP,0d4c5f4e-d559-404b-9a8f-3bccbdc69670
6201,.,70.0,0.0,70.0,2021-07-26,2021-08-26,PAID,ACCPAY,GBP,16493975-dc8a-40c9-9120-b31508e7eb6d
6201,.,70.0,0.0,70.0,2021-07-19,2021-08-19,PAID,ACCPAY,GBP,f7531132-c528-4998-b7be-af08eb4a3d27
6201,.,70.0,0.0,70.0,2021-08-16,2021-09-16,PAID,ACCPAY,GBP,0130b7ba-8c68-438d-8f7a-74780aa218a1
6201,.,70.0,0.0,70.0,2021-08-16,2021-09-16,PAID,ACCPAY,GBP,2f2ed65c-9af9-4b63-a685-aacd1af35f54
6201,.,70.0,0.0,70.0,2021-08-16,2021-08-23,PAID,ACCPAY,GBP,75099e1e-a618-496f-aecd-85a36787ad8b
6201,.,70.0,0.0,70.0,2021-08-27,2021-09-26,PAID,ACCPAY,GBP,1ec27d57-b1d2-4716-85e8-af527d10a2c8
6201,.,70.0,0.0,70.0,2021-09-06,2021-10-06,PAID,ACCPAY,GBP,0393c1c5-134d-4ee4-b1cd-b091738b05b3
6201,.,70.0,0.0,70.0,2021-09-20,2021-09-20,PAID,ACCPAY,GBP,6cc4cdce-b0a0-4af0-aad8-8e155e80a6a4
6201,.,70.0,0.0,70.0,2021-07-12,2021-08-12,PAID,ACCPAY,GBP,c23514ea-adee-4c6f-a821-d2418bf7d58e
6201,.,70.0,0.0,70.0,2021-09-13,2021-10-13,PAID,ACCPAY,GBP,434b9e2b-1d83-4d7f-8b88-d034f5813bbf
4002,TSAR SHORT LUXE BLACK 7 (EU40),333.33,66.67,400.0,2021-10-05,2021-10-05,PAID,ACCREC,GBP,96994e68-58a5-43d7-9467-2be51ca14aed
,"LADIES FOOTWEAR 2021AW
",47144.78,0.0,47144.78,2021-07-30,2021-09-28,PAID,ACCREC,GBP,0879bd2b-5227-4c31-9164-42182595cc8c
,LADIES FOOTWEAR 2021AW,10879.56,0.0,10879.56,2021-07-30,2021-09-28,PAID,ACCREC,GBP,f836b763-7b2c-4b58-a7e9-4d442f7c927b
,"LADIES FOOTWEAR 2021AW
",15851.16,0.0,15851.16,2021-07-30,2021-09-28,PAID,ACCREC,GBP,2916806f-5d20-4073-9992-77a3af3fac7d
,LADIES FOOTWEAR 2021AW,47144.78,0.0,47144.78,2021-07-30,2021-09-28,PAID,ACCREC,GBP,f2c0548b-6701-4147-8646-ea15d7cc2112
4002,MUCHAS BUFF LEATHER CROW 7 (40),82.5,16.5,99.0,2021-07-18,2021-07-18,PAID,ACCREC,GBP,d08e39ff-1a43-4c54-957b-e545234ce479
4002,MULE SLING BACK SAND 6 (39),125.0,25.0,150.0,2021-07-21,2021-07-21,PAID,ACCREC,GBP,c23c98f9-5cf9-4361-90be-2e3aa30ea43b
4002,HOMEWURK BUFF LEATHER CROW 5 (38),60.58,12.12,72.7,2021-07-24,2021-07-24,PAID,ACCREC,GBP,a76c102c-9ea2-4abd-a80c-9f95ebb622fe
4002,COSY X SHORT BUFF LEATHER SADDLE 5 (38),55.04,11.01,66.05,2021-07-27,2021-07-27,PAID,ACCREC,GBP,ed3bbff6-65eb-4ce4-9cb8-edc6bf47d22f
4002,COSY X SHORT SUEDE SAND 5 (38),57.5,11.5,69.0,2021-08-16,2021-08-16,PAID,ACCREC,GBP,8bf9a90f-2aa0-4852-b02b-401cd1768cdb
4002,ATILLA SHORT BUFF PALE ,240.83,48.17,289.0,2021-09-30,2021-09-30,PAID,ACCREC,GBP,1ae300d3-cc88-4b4f-bb37-e67ad4c8a9bb
4002,NORDIC TALL LUXE CHESTNUT,362.5,72.5,435.0,2021-10-02,2021-10-02,PAID,ACCREC,GBP,48f7ea9a-475a-439e-8c48-bf38dc8930d7
6201,.,70.0,0.0,70.0,2021-10-05,2021-11-04,PAID,ACCPAY,GBP,29e0b6dc-c3d4-45d1-aaa6-c479e6860f92
5003,.,12030.08,0.0,12030.08,2021-08-03,2021-09-03,PAID,ACCPAY,GBP,45e990e1-2d05-4379-9521-9ea3b9a4b5f8
5003,.,12406.02,0.0,12406.02,2021-08-03,2021-09-03,PAID,ACCPAY,GBP,c10557a4-e609-4fa5-90b0-994d5ab1339b
6901,.,4462.5,0.0,4462.5,2021-09-22,2021-10-22,PAID,ACCPAY,GBP,c4617cec-395b-4909-85a9-4f2a3abb4a59
6100,UK Wholesale Comms FW21,2503.6,0.0,2503.6,2021-10-18,2021-11-17,PAID,ACCPAY,GBP,f17e1980-8453-49e5-9d17-8e14cc148a02
4002,COSY TALL SADDLE WAX 7 (40),177.08,35.42,212.5,2021-10-09,2021-10-09,PAID,ACCREC,GBP,6e6b3bef-4779-4ab6-a14a-fe7c47304fef
6201,.,70.0,0.0,70.0,2021-10-19,2021-11-18,PAID,ACCPAY,GBP,6d076047-ac9a-4fbc-8465-7896e9a24658
6205,.,72.99,0.0,72.99,2021-10-23,2021-11-22,PAID,ACCPAY,USD,bc3d70e3-61e6-4f79-9e1a-12cbdedea433
4002,DREAMER SLIPPER CREAM 6 (EU39),0.0,0.0,0.0,2021-10-15,2021-10-15,PAID,ACCREC,GBP,997e4355-ca76-429d-bccb-2226b06da269
4002,COSY XTRA SHORT SUEDE CHESTNUT 6 (39),0.0,0.0,0.0,2021-10-28,2021-10-28,PAID,ACCREC,GBP,1f98077d-6161-454b-bb4b-ff7b1a0914cb
4002,CLOSED MULE SLIPPER BEVA SUEDE,0.0,0.0,0.0,2021-10-22,2021-10-22,PAID,ACCREC,GBP,0df60f01-7f60-4c87-91b3-d1a1028cf985
4002,NORDIC TALL LUXE GREY 9 (EU40),312.08,62.42,374.5,2021-10-19,2021-10-19,PAID,ACCREC,GBP,c3d41f78-f22b-43b1-8b28-f2e34483d740
4002,X-COSY SHORT GREY 3 (36),71.66,14.34,86.0,2021-10-26,2021-10-26,PAID,ACCREC,GBP,c5b2a467-e0e8-4db3-a2ec-d1b15532fd08
4002,COSY SHORT BUFF CROW 7 (40),0.0,0.0,0.0,2021-10-18,2021-10-18,PAID,ACCREC,GBP,a2b5a586-f340-4024-a299-b351f354110f
4000,ANGEL SHORT PALE 38,1879.0,0.0,1879.0,2021-10-01,2021-10-31,PAID,ACCREC,EUR,17e07e7d-e060-4f1a-9b34-dd89c210eca3
6201,.,70.0,0.0,70.0,2021-10-27,2021-11-26,PAID,ACCPAY,GBP,550fc7ed-e924-48ec-9e6f-d13bc5e114e3
7607,Admin Costs - USA Hours,2500.0,0.0,2500.0,2021-11-01,2021-12-01,PAID,ACCPAY,GBP,91b3a33f-332e-4f17-bee7-ddfca3bd999e
6901,.,1171.07,234.21,1405.28,2021-09-30,2021-10-30,PAID,ACCPAY,GBP,f29d7b97-0b15-4283-8fb4-6b06172b040f
6901,.,20.0,4.0,24.0,2021-10-01,2021-10-31,PAID,ACCPAY,GBP,3fc015fc-66d9-4a12-8f67-97f45ace27ed
6201,.,70.0,0.0,70.0,2021-11-08,2021-12-08,PAID,ACCPAY,GBP,b9eba9c6-a3a0-4fc1-8177-60da176313fc
5003,.,16.83,0.0,16.83,2021-10-27,2021-11-26,PAID,ACCPAY,GBP,3a969b8d-8c3c-46f5-8e64-3e62ec300377
6901,.,58.15,0.0,58.15,2021-10-08,2021-11-07,PAID,ACCPAY,GBP,5f947166-6e6d-4b3a-921a-865be26130f9
6205,.,20.0,4.0,24.0,2021-07-01,2021-08-01,PAID,ACCPAY,GBP,33f16589-9320-4ad2-8578-400eef88fc3f
5003,.,13656.72,0.0,13656.72,2021-08-24,2021-09-23,PAID,ACCPAY,GBP,3a3e69c3-05da-447a-8250-d135b921c9f6
6901,.,2167.5,0.0,2167.5,2021-10-14,2021-11-13,PAID,ACCPAY,GBP,4d8366b1-7216-45e2-a149-a780a7114366
6205,.,20.0,4.0,24.0,2021-07-01,2021-08-01,PAID,ACCPAY,GBP,a5a9b3f1-108b-455d-9a12-099b0aa5f9b2
,RAF111N-BE#L,11063.3,0.0,11063.3,2021-11-10,2021-12-10,DELETED,ACCREC,EUR,cd6dd2db-2597-406e-aed7-5768a192e090
6201,.,70.0,0.0,70.0,2021-11-08,2021-12-08,PAID,ACCPAY,GBP,d14c35bc-7ac8-469f-a427-534c49bd7e4f
4000,RAF111N-BE#L HS 6506992090,11063.3,0.0,11063.3,2021-11-10,2021-12-10,VOIDED,ACCREC,EUR,5d8623ae-8d3c-4a3d-8dec-21fd3b879f4d
6201,.,70.0,0.0,70.0,2021-11-17,2021-12-17,PAID,ACCPAY,GBP,f9f709d7-48ff-4a61-a474-adecd595f0f6
6901,.,430.0,0.0,430.0,2021-10-28,2021-11-27,PAID,ACCPAY,GBP,2649059e-44f0-45f6-8ff1-dccb4190f5e0
5003,.,794.35,0.0,794.35,2021-11-19,2021-12-19,PAID,ACCPAY,GBP,1a026214-d723-4d2e-bf6e-433c6dd941c8
6100,Wholesale Commissions,1491.35,298.27,1789.62,2021-11-15,2021-12-15,PAID,ACCPAY,GBP,ab55ac18-bff2-4c27-b787-4740d23d0285
6205,.,20.0,4.0,24.0,2021-11-01,2021-12-01,PAID,ACCPAY,GBP,7c1fb0de-fe32-427e-9d3d-3367b4a52ac5
,UK WHOLESALE COMMS FW 21,2946.35,0.0,2946.35,2021-11-15,2021-12-15,PAID,ACCPAY,GBP,8269b5d9-d6fb-4283-8d64-961ec7217bfa
6100,COMMISSIONS BA & WOMENS SOCIETY,1491.35,0.0,1491.35,2021-11-15,2021-12-15,PAID,ACCPAY,GBP,57062390-c00a-450f-928f-503251f1775a
6205,.,60.83,12.16,72.99,2021-11-22,2021-12-22,PAID,ACCPAY,USD,ef6291b3-dca2-40e8-b27d-46819dfcbc9f
5003,.,6352.81,0.0,6352.81,2021-10-12,2021-11-11,PAID,ACCPAY,GBP,d3eb7e2b-7971-4574-9a6b-e14f8d7c5a8f
4000,COSY X SHORT SATIN BLACK 37,790.0,0.0,790.0,2021-10-21,2021-11-20,PAID,ACCREC,EUR,6c67f558-9083-41b6-9165-4989aa8b6228
4000,ANGEL SHORT PALE ANG203LW-PA,17179.0,0.0,17179.0,2021-09-13,2021-10-13,PAID,ACCREC,EUR,6d39facf-cf90-40ff-beab-942a8ed703a2
7607,USA Hours,2500.0,0.0,2500.0,2021-12-01,2021-12-31,PAID,ACCPAY,GBP,d197743f-1dd4-4ed4-9069-b6ca88823736
2202,.,11696.35,0.0,11696.35,2021-08-24,2021-09-24,VOIDED,ACCPAY,GBP,ef201e82-2da2-4044-8253-4b1df32e195c
2202,VAT Total,8302.13,0.0,8302.13,2021-09-20,2021-10-19,VOIDED,ACCPAY,GBP,c8b36aa8-fcf8-4f09-bfc9-33151e431269
6901,.,1906.48,381.3,2287.78,2021-10-31,2021-11-30,PAID,ACCPAY,GBP,4f411c18-a0b2-48a6-a1ad-aa6d99e25741
6901,.,14112.19,0.0,14112.19,2021-11-30,2021-12-30,PAID,ACCPAY,GBP,c1a440fa-0a14-4243-a820-f84a44407049
4002,ANGEL SHORT BLACK 8 (EU41),220.0,44.0,264.0,2021-11-28,2021-11-28,PAID,ACCREC,GBP,7ed7a412-4cf1-4cf1-ba71-7213e8ab6d70
4002,ATILLA SHORT BLACK 6 (EU39),136.21,27.24,163.45,2021-11-29,2021-11-29,PAID,ACCREC,GBP,1f4f24c1-75cf-41f6-a6df-493b29194348
4002,NORDIC SHORT LUXE GREY 7 (EU40),150.41,30.09,180.5,2021-11-29,2021-11-29,PAID,ACCREC,GBP,8bea6737-ad34-454e-a755-2808407f94a9
4002,CLOSED MULE SLIPPERS WHISKY WAX M(39-40),82.75,16.55,99.3,2021-11-29,2021-11-29,PAID,ACCREC,GBP,02484311-60b2-4a78-9aa1-fac4b0641f77
4002,CASPER CHESTNUT 3 (EU36),167.08,33.42,200.5,2021-11-29,2021-11-29,PAID,ACCREC,GBP,6ca270b6-b54c-4d8e-b875-faa012d3ca7e
4002,COSY TALL WHISKY WAX 5 (38),224.5,44.9,269.4,2021-12-02,2021-12-02,PAID,ACCREC,GBP,4f9f0de1-bbce-477b-8543-1e425f5566c6
4002,FOXY TALL CHESTNUT 4 (EU37),345.83,69.17,415.0,2021-11-23,2021-11-23,PAID,ACCREC,GBP,0c2e73ae-0342-4b67-a346-b3cf7a698e09
4002,MENS MULE BUFF WHISKY L (11-12),84.83,16.97,101.8,2021-11-24,2021-11-24,PAID,ACCREC,GBP,9607d025-b43c-4bc3-a9ac-d363addabd97
4002,DREAMER SLIPPER CREAM 7 (EU40),141.67,28.33,170.0,2021-10-31,2021-10-31,PAID,ACCREC,GBP,13ada529-9729-42e8-b336-eb3ada62eeb9
4002,ATILLA SHORT BLACK 5 (EU38),490.0,98.0,588.0,2021-10-31,2021-10-31,PAID,ACCREC,GBP,9079a48c-66b5-42ac-9d6a-0d64fc03187d
4002,"COSY XTRA SHORT SUEDE CHESTNUT 8 (41)
",187.5,37.5,225.0,2021-11-07,2021-11-07,PAID,ACCREC,GBP,9609edac-0088-4ef6-9e9b-a723ba587fb6
4002,MACHINA X SHORT CHESTNUT 6 (EU39),223.75,44.75,268.5,2021-11-10,2021-11-10,PAID,ACCREC,GBP,561a5414-ff5c-43e9-a177-6f762bfe78f2
4002,ZHINU SAND 8 (EU41),266.66,53.34,320.0,2021-11-15,2021-11-15,PAID,ACCREC,GBP,2f35fe88-c977-47a9-8028-be7c1e362e26
4002,NORDIC TALE LUXE CHESTNUT 5 (38),210.83,42.17,253.0,2021-11-24,2021-11-24,PAID,ACCREC,GBP,e3b76c35-0865-4f6c-8d84-1c5d73133f13
4002,BUNDABERG WULFF BROWN 6 (EU39),162.33,32.47,194.8,2021-11-25,2021-11-25,PAID,ACCREC,GBP,44d01da0-2818-4357-8214-90c727403e02
4002,COSY XTRA SHORT SATIN BLACK 5 (EU38),96.08,19.22,115.3,2021-11-26,2021-11-26,PAID,ACCREC,GBP,c0dfeb7c-7070-4f7e-a79c-5e014b207d62
4002,COSY TALL SATIN BLACK 5 (EU38),157.5,31.5,189.0,2021-11-26,2021-11-26,PAID,ACCREC,GBP,df7ef873-07ce-473c-8330-622d4cc48151
4002,NORDIC SHORT LUXE BLACK 6 (EU39),163.33,32.67,196.0,2021-11-27,2021-11-27,PAID,ACCREC,GBP,0b8d3786-a57a-43ff-917a-0407400c5bd1
4002,ATILLA SHORT BUFF PALE 8 (EU41),147.83,29.57,177.4,2021-11-27,2021-11-27,PAID,ACCREC,GBP,252d9b22-3537-4332-9d73-54bc5b9980be
4002,NORDIC TALL LUXE BLACK 5 (EU38),227.5,45.5,273.0,2021-11-27,2021-11-27,PAID,ACCREC,GBP,8b959b72-5d97-41fa-9a57-062a51229b64
4002,MENS MULE BLACK XL (13-14),110.0,22.0,132.0,2021-11-28,2021-11-28,PAID,ACCREC,GBP,0327ce7e-1c3b-4758-92b7-1c59df22fd6a
4002,COSY SHORT BLACK 5 (38) ,113.33,22.67,136.0,2021-11-28,2021-11-28,PAID,ACCREC,GBP,dddba49c-2561-4d30-9d4d-8e6370f316c1
4002,COSY XTRA SHORT SUEDE GREY 5 (38),105.44,21.09,126.53,2021-11-29,2021-11-29,PAID,ACCREC,GBP,cee811e5-6531-4138-8a77-a3a547f065be
4002,ZHINU SAND 7 (EU40),240.83,48.17,289.0,2021-11-09,2021-11-09,PAID,ACCREC,GBP,e1e73c78-097b-47fc-ac12-226dca09081f
4002,COSY XTRA SHORT SUEDE GREY 5 (EU38),112.75,22.55,135.3,2021-11-26,2021-11-26,PAID,ACCREC,GBP,5cc96acb-3991-4702-b029-e1f3ae5c5b43
4002,MUCHAS LUXE FAUX FUR CHESTNUT 5 (38),256.0,51.2,307.2,2021-11-24,2021-11-24,PAID,ACCREC,GBP,47d598c2-522f-4a19-af65-24717d2eec18
4002,COSY ULTRA SHORT GREY 5 (EU38),110.0,22.0,132.0,2021-11-24,2021-11-24,PAID,ACCREC,GBP,d4fdd9e7-cb43-448a-b18d-351d8234f570
4002,COSY TALL SATIN PALE 4 (EU37),127.58,25.52,153.1,2021-11-24,2021-11-24,PAID,ACCREC,GBP,237618f2-d9de-44a1-b645-82a12df55f2e
4002,NORDIC TALE LUXE CHESTNUT 6 (39),210.83,42.17,253.0,2021-11-24,2021-11-24,PAID,ACCREC,GBP,a58d577d-c717-4440-ae02-dcbe084ff0f2
4002,COSY XTRA SHORT BUFF LEATHER WHISKY 5 (38),96.08,19.22,115.3,2021-11-24,2021-11-24,PAID,ACCREC,GBP,1d336f06-4fd5-4078-8843-6a9e21819f49
4002,COSY SHORT BUFF SMOKE 7 (EU40),182.5,36.5,219.0,2021-11-10,2021-11-10,PAID,ACCREC,GBP,260d2d94-f50f-4d1e-8cae-2008f62e46fa
4002,NORDIC TALL LUXE GREY 7 (EU40),345.83,69.17,415.0,2021-11-06,2021-11-06,PAID,ACCREC,GBP,18b459df-dca1-4357-8889-8ed39e89beb5
4002,NORDIC SHORT LUXE BLACK 6 (EU39),544.58,108.92,653.5,2021-11-09,2021-11-09,PAID,ACCREC,GBP,fee74d50-990a-4e6b-a7ee-98e34c19933c
4000,"CAI303N-GRCAIRNSBLACK
",117364.0,23472.8,140836.8,2021-09-01,2021-10-31,PAID,ACCREC,GBP,4469e8d9-fc1b-45ae-9a3f-99671c7503e3
6201,.,70.0,0.0,70.0,2021-11-22,2021-12-22,PAID,ACCPAY,GBP,3739f5ff-89a3-4302-92cc-349bb723719d
6201,.,70.0,0.0,70.0,2021-11-29,2021-12-29,PAID,ACCPAY,GBP,cf6e4f95-397b-41c9-aeb2-cd3066093100
6201,.,70.0,0.0,70.0,2021-12-06,2022-01-06,PAID,ACCPAY,GBP,85650cda-4af2-4263-a852-10f9f4e563d4
4002,HYGGE HOME ROLL ORGANISER - BLACK ,1357.7,271.55,1629.25,2021-11-22,2021-11-22,PAID,ACCREC,GBP,1cc190b0-7c72-4002-865e-02138ef5334d
4002,ATILLA SHORT BUFF PALE 6 (EU39),180.0,36.0,216.0,2021-11-25,2021-11-25,PAID,ACCREC,GBP,3db633fc-3717-4849-b8d5-0610f6c6e28f
4002,NORDIC SHORT LUXE GREY 5 (EU38),163.33,32.67,196.0,2021-11-28,2021-11-28,PAID,ACCREC,GBP,de80f258-9422-498b-a297-14242ca3c9db
4002,FOXY TALL CHESTNUT (EU38),207.25,41.45,248.7,2021-12-06,2021-12-06,PAID,ACCREC,GBP,ac9a0e78-25e5-452c-9c31-0e7e5ff8e4d5
4002,ANGEL SHORT BLACK 6 (EU39),203.75,40.75,244.5,2021-11-29,2021-11-29,PAID,ACCREC,GBP,a6dbecfa-5f16-44e5-bb95-2fd8aff99cdd
4002,MACHINA X SHORT CHESTNUT 4 (EU37),127.58,25.52,153.1,2021-11-27,2021-11-27,PAID,ACCREC,GBP,bea28170-9a56-4abe-9b34-1e3753e14fdf
4002,X-COSY SHORT BLACK 5 (38),243.63,48.72,292.35,2021-11-29,2021-11-29,PAID,ACCREC,GBP,e95b4b7e-f38d-4aef-8160-57552b61ef6c
4002,NORDIC SHORT LUXE GREY 5 (EU38),150.41,30.09,180.5,2021-11-29,2021-11-29,PAID,ACCREC,GBP,ae2204c8-970d-4482-a761-31d5d6728bb0
4002,COSY XTRA SHORT BUFF LEATHER CROW 6 (39),171.25,34.25,205.5,2021-11-30,2021-11-30,PAID,ACCREC,GBP,fbacf149-78d8-4221-9d44-453419e5d96a
4002,BEEN THERE CHESTNUT 6 (EU39),164.5,32.9,197.4,2021-11-25,2021-11-25,PAID,ACCREC,GBP,1b54d663-b42d-4a2d-8f6f-62d35277eb45
4002,COSY ULTRA SHORT BUFF PALE 4 (EU37),93.33,18.67,112.0,2021-11-26,2021-11-26,PAID,ACCREC,GBP,f167f47b-dcdd-4a58-8487-6ddf634f8d4f
4002,ZHINU SAND 7 (EU40),164.5,32.9,197.4,2021-11-27,2021-11-27,PAID,ACCREC,GBP,47d5f0e4-b002-40f5-b7b5-6d7723dc68d4
4002,ATILLA WHISKY WAX 6 (39),218.33,43.67,262.0,2021-11-27,2021-11-27,PAID,ACCREC,GBP,c2b60013-bb74-43b0-8108-637815c513a1
4002,MENS MULE BUFF WHISKY M (9-10),110.0,22.0,132.0,2021-11-28,2021-11-28,PAID,ACCREC,GBP,2d4cbfd5-b0c4-4b85-bdc0-5ec16124b3b5
4002,MENS COSY XTRA SHORT TAN 10 (EU44),113.33,22.67,136.0,2021-11-28,2021-11-28,PAID,ACCREC,GBP,09b7e99e-ec59-4e52-add4-83add7918d2c
4002,ATILLA SHORT BLACK 5 (EU38),318.33,63.67,382.0,2021-11-28,2021-11-28,PAID,ACCREC,GBP,346b17db-e16e-4233-82f9-9b3cfd48b118
4002,NORDIC SHORT LUXE GREY 6 (EU39),150.41,30.09,180.5,2021-11-29,2021-11-29,PAID,ACCREC,GBP,1d922145-8e77-4380-9db4-af1975f74b3b
4002,ATILLA SHORT GREY 6 (EU39),309.16,61.84,371.0,2021-11-29,2021-11-29,PAID,ACCREC,GBP,279a0816-cc4f-40b2-b802-c82af9f83a48
4002,COSY ULTRA SHORT BUFF WHISKY 6 (EU39),150.0,30.0,180.0,2021-11-30,2021-11-30,PAID,ACCREC,GBP,4470dc86-7170-46e4-85df-afa3c7ac39db
4002,ATILLA SHORT BUFF PALE 5 (EU38),163.33,32.67,196.0,2021-12-08,2021-12-08,PAID,ACCREC,GBP,8f0da32d-e4ff-4e26-8020-6f674e1134dc
4002,COSY ULTRA SHORT GREY 5 (EU38) ,93.33,18.67,112.0,2021-11-28,2021-11-28,PAID,ACCREC,GBP,cc0cd975-4fbd-4d32-820c-98f55db74e19
4002,ATILLA SHORT BUFF PALE 7 (EU40),235.66,47.14,282.8,2021-12-04,2021-12-04,PAID,ACCREC,GBP,d5af2213-f42f-4e0d-a69a-46e0de25c488
6201,.,70.0,0.0,70.0,2021-12-13,2022-01-12,PAID,ACCPAY,GBP,50c41f95-81f8-4ee2-90f4-9dfa79e65002
6201,.,70.0,0.0,70.0,2021-12-20,2022-01-20,PAID,ACCPAY,GBP,05ec0522-cb69-4199-99cd-59dc04841046
6200,MENS MULE BEVA M (9-10),0.0,0.0,0.0,2021-12-20,2021-12-20,PAID,ACCREC,GBP,0f57f263-a271-47ce-b6db-a4af7b8e537b
6200,TOUCHE CREAM 3 (36),0.0,0.0,0.0,2021-12-20,2021-12-20,PAID,ACCREC,GBP,479ef361-1318-49a0-966e-9270a6b1bf25
6200,CLOSED MULE SLIPPER BLACK SUEDE M (39-40),0.0,0.0,0.0,2021-12-22,2021-12-22,PAID,ACCREC,GBP,c7d5b850-d2e4-481b-b366-e543dc467804
6200,BABY MOC CROW M,0.0,0.0,0.0,2021-12-30,2021-12-30,PAID,ACCREC,GBP,b184e1c7-890a-4485-932c-972d861927ee
6205,.,72.99,0.0,72.99,2021-12-22,2022-01-21,PAID,ACCPAY,USD,d48a55e1-e9eb-4311-bbbc-4283523dbda2
6200,MENS MULE BUFF CROW M (9-10),0.0,0.0,0.0,2021-12-20,2021-12-20,PAID,ACCREC,GBP,2ddd1e7d-a734-432a-876f-40ee780a4455
4002,CLOSED MULE SLIPPERS PRINT ZEBRA OXBLOOD L (40-41),125.0,25.0,150.0,2021-12-09,2021-12-09,PAID,ACCREC,GBP,40e60def-eb53-4387-94ee-87dd0fe91bc2
4002,MENS COSY XTRA SHORT GREY 8 (EU42),252.5,50.5,303.0,2021-12-11,2021-12-11,PAID,ACCREC,GBP,147d7de0-c006-4e02-ade1-60258a42497c
4002,BABY NORDIC SAND S ,37.58,7.52,45.1,2021-12-11,2021-12-11,PAID,ACCREC,GBP,89278efa-9ceb-477d-b204-53cbff299bce
4002,COSY SHORT SUEDE GREY 7 (40),138.75,27.75,166.5,2021-12-13,2021-12-13,PAID,ACCREC,GBP,d1d168f2-c16d-4c74-974f-5dee3c11b289
4002,NORDIC TALL LUXE BLACK 6 (EU39),244.38,48.87,293.25,2021-12-13,2021-12-13,PAID,ACCREC,GBP,4137315d-9529-46a5-a223-eb483702e6ce
4002,COSY SHORT BUFF WHISKY 7 (40),138.75,27.75,166.5,2021-12-14,2021-12-14,PAID,ACCREC,GBP,b0dd0e51-881a-4b01-9178-182dead5ae68
4002,TSAR SHORT LUXE CHESTNUT 8 (EU41),236.25,47.25,283.5,2021-12-15,2021-12-15,PAID,ACCREC,GBP,5e4c16fe-ce80-464b-ad01-d4c4be27d239
4002,ATILLA SHORT BLACK (EU41),327.26,65.44,392.7,2021-12-15,2021-12-15,PAID,ACCREC,GBP,be71f414-f776-4759-b35c-eb6d26e81a56
4002,ATILLA SHORT BUFF PALE 7 (EU40),176.25,35.25,211.5,2021-12-20,2021-12-20,PAID,ACCREC,GBP,665d42a7-7939-42d9-94ab-21cf00e8a251
4002,ATILLA SHORT GREY 6 (EU39),176.25,35.25,211.5,2021-12-22,2021-12-22,PAID,ACCREC,GBP,59d51a2e-e7bd-4e95-8d25-7b698720be03
4002,COSY SHORT BEVA 5 (38),104.58,20.92,125.5,2021-12-26,2021-12-26,PAID,ACCREC,GBP,c28777de-a7a7-4e81-9650-1a7f995ffff8
4002,TOUCHE PINK 4 (EU37),551.46,110.29,661.75,2021-12-26,2021-12-26,PAID,ACCREC,GBP,538e61a3-86c0-46f2-9840-ae41a5321d84
4002,COSY XTRA SHORT SATIN BLACK 5 (EU38),187.09,37.41,224.5,2021-12-26,2021-12-26,PAID,ACCREC,GBP,25fb5f48-89c9-4823-9b3f-d10eb24c31aa
4002,TOUCHE PINK 5 (EU38),59.9,11.98,71.88,2021-12-26,2021-12-26,PAID,ACCREC,GBP,93d4e846-3a23-4d49-9d14-c0358117ece7
4002,SLOUCH TALL PALE 5 (EU38),303.28,60.65,363.93,2021-12-28,2021-12-28,PAID,ACCREC,GBP,73fdf314-1ffd-4842-af83-f169ee885266
4002,COSY SHORT BUFF SMOKE 6 (EU39),198.26,39.64,237.9,2021-12-28,2021-12-28,PAID,ACCREC,GBP,54a45c61-032e-46e2-b58e-cfe4082ee53e
4002,LEEN WHITE SPLAT 6 (39),129.79,25.96,155.75,2021-12-28,2021-12-28,PAID,ACCREC,GBP,eb2fddae-81a4-401a-b6ee-c726605f6026
4002,NORDIC SHORT LUXE GREY 7 (EU40),136.21,27.24,163.45,2021-12-29,2021-12-29,PAID,ACCREC,GBP,0b56f390-1b0d-4e6b-a3e2-66c34280c95f
4002,NORDIC TALL LUXE GREY 4 (EU37),210.63,42.12,252.75,2021-12-30,2021-12-30,PAID,ACCREC,GBP,3670b4d2-bc16-4379-8b79-b896da6e667e
4002,COSY XTRA SHORT BUFF LEATHER DUSK 7 (40),106.25,21.25,127.5,2022-01-02,2022-01-02,PAID,ACCREC,GBP,158773fb-6d68-4f74-892e-ba54a1e9c289
4002,COSY XTRA SHORT BUFF LEATHER WHISKY 6 (39),89.58,17.92,107.5,2022-01-02,2022-01-02,PAID,ACCREC,GBP,8a659bb2-6423-48c2-8879-3a50c293e9fd
4002,MENS COSY SHORT BLACK 9 (EU43),366.67,73.33,440.0,2022-01-04,2022-01-04,PAID,ACCREC,GBP,5ecd5a42-07cd-4d29-a328-0f152c0795ca
4002,ATILLA SHORT GREY 6 (EU39),154.17,30.83,185.0,2022-01-06,2022-01-06,PAID,ACCREC,GBP,5d898301-5095-41dd-9d78-74a2ab426768
4002,CRESCENT PALE 7 (EU40) ,124.58,24.92,149.5,2022-01-06,2022-01-06,PAID,ACCREC,GBP,338a6ad1-a5a1-4d3b-8744-64b7c1c31aba
4002,PROST BLACK SUEDE 5 (EU38),91.21,18.24,109.45,2021-12-22,2021-12-22,PAID,ACCREC,GBP,cc6313d1-df1a-4784-9bb9-e677dab00669
4002,CLOSED MULE SLIPPERS PRINT COW SPLAT M (39-40),134.19,26.86,161.05,2021-12-20,2021-12-20,PAID,ACCREC,GBP,68b5f9ac-53f6-4af9-9da8-339f80b92b27
4002,MENS COSY XTRA SHORT BLACK 8 (EU42),138.75,27.75,166.5,2021-12-18,2021-12-18,PAID,ACCREC,GBP,265fc28a-f732-4a6d-bc38-341de4f0040d
4002,VAMP SLIPPER BLACK 5 (EU38),92.71,18.54,111.25,2021-12-17,2021-12-17,PAID,ACCREC,GBP,0971d847-0a1e-4757-8c2d-53003119cbc7
4002,MENS COSY SHORT GREY 10 (EU44),135.0,27.0,162.0,2021-12-28,2021-12-28,PAID,ACCREC,GBP,c691ab58-6630-4369-b415-17ef99c4c5ed
4002,COSY ULTRA SHORT BUFF DUSK 7 (EU40),102.92,20.58,123.5,2021-12-26,2021-12-26,PAID,ACCREC,GBP,e9fbae2c-1fc9-4e3c-8799-2b104a509e00
4002,COSY TALL SATIN BLACK 6 (EU39),129.79,25.96,155.75,2021-12-27,2021-12-27,PAID,ACCREC,GBP,f1b5ba33-6a31-43c2-979b-b70376f990ef
4002,ATILLA SHORT BLACK 3 (EU36),264.09,52.81,316.9,2021-12-29,2021-12-29,PAID,ACCREC,GBP,b5e2091b-4be6-41df-b169-dab460bdb865
4002,COSY SHORT XTRA BUFF LEATHER WHISKY 5 (38),89.58,17.92,107.5,2021-12-13,2021-12-13,PAID,ACCREC,GBP,20aa78ed-c5ed-47b8-8eb7-3bc0dbe39a19
4002,CLOSED MULE SLIPPERS SUEDE GREY S (37-38),76.58,15.32,91.9,2021-12-14,2021-12-14,PAID,ACCREC,GBP,ce6ca079-19e1-4a0d-aca3-29dd3179b62a
4002,ZHINU SAND 4 (EU37),1724.93,345.07,2070.0,2021-12-06,2021-12-06,PAID,ACCREC,GBP,db02ab2f-c495-4a5a-ae37-fbf2ea7300eb
4002,COSY XTRA SHORT BUFF LEATHER SMOKE 5 (38),89.58,17.92,107.5,2022-01-08,2022-01-08,PAID,ACCREC,GBP,25e5157e-2bc3-4876-a1ab-726e0655de7a
4002,COSY SHORT BLACK 5 (38),103.75,20.75,124.5,2022-01-04,2022-01-04,PAID,ACCREC,GBP,0681a134-8776-49f2-b838-13ae2fce8129
4002,WESTWARD BLACK 4 (EU37),356.25,71.25,427.5,2022-01-05,2022-01-05,PAID,ACCREC,GBP,71e485de-b768-4e90-8fa9-55f0d0bdc7d0
4002,MENS COSY XTRA SHORT BLACK 9 (EU43),103.75,20.75,124.5,2022-01-01,2022-01-01,PAID,ACCREC,GBP,c501d770-40b6-4239-bacf-b85cd95a743c
4002,TSAR SHORT LUXE BLACK 4 (EU37),187.5,37.5,225.0,2022-01-03,2022-01-03,PAID,ACCREC,GBP,152f417b-c760-4518-bd20-5eb10c1c5021
6205,.,20.0,4.0,24.0,2021-12-01,2021-12-31,PAID,ACCPAY,GBP,f13650d4-6291-4a4d-8afb-1d5adc609248
5003,.,67.3,0.0,67.3,2021-11-23,2021-12-23,PAID,ACCPAY,GBP,ec4186ab-1de8-4f2f-8786-bc918c8aa5d4
5003,.,487.87,0.0,487.87,2021-11-24,2021-12-24,PAID,ACCPAY,GBP,edb6e346-c289-4db1-9e6c-8305568eb53f
6101,Facebook Ads March 21 @ £10 - April 21 @£12,132.7,0.0,132.7,2022-01-16,2022-02-15,PAID,ACCPAY,GBP,a1ce0af2-f552-4e91-a4b0-b5d6010d8483
4002,COSY ULTRA SHORT BUFF SMOKE 4 (EU37),72.08,14.42,86.5,2022-01-13,2022-01-13,PAID,ACCREC,GBP,4cbb496b-63b4-464b-8a0d-5097d1819132
5003,.,85.44,0.0,85.44,2021-12-07,2022-01-06,PAID,ACCPAY,GBP,0ce817d7-173c-4c92-bde0-6a0bbc6a6465
5003,.,123.81,0.0,123.81,2021-12-07,2022-01-06,PAID,ACCPAY,GBP,fb3fd065-6727-4fb0-9a67-62472f0731c7
5003,.,235.54,0.0,235.54,2021-11-30,2021-12-30,PAID,ACCPAY,GBP,7742190f-5535-425d-b270-a0f33ca0b18b
5003,.,42.64,0.0,42.64,2021-12-10,2022-01-09,PAID,ACCPAY,GBP,2deff8fb-8873-43a3-8254-6714a035aea4
6901,.,3206.57,641.31,3847.88,2021-11-30,2021-12-30,PAID,ACCPAY,GBP,a52ac69e-39d1-43fd-8319-8f6068944b93
6200,JUMP CHESTNUT 7 (40),0.0,0.0,0.0,2022-01-19,2022-01-19,PAID,ACCREC,GBP,c8db0afd-7fe6-4719-b7c6-d8ba6bf48466
4002,MENS COSY SHORT BLACK 10 (EU43),0.0,0.0,0.0,2022-01-22,2022-01-22,PAID,ACCREC,GBP,dde5b929-f38e-4045-b635-8621177067a7
4002,COSY SHORT XTRA BUFF LEATHER SMOKE 6 (39),0.0,0.0,0.0,2022-01-22,2022-01-22,PAID,ACCREC,GBP,f6536a87-4be9-4aaf-b18f-87b82a31eeac
4002,NORDIC SHORT CHESTNUT 8 (41),148.33,29.67,178.0,2022-01-15,2022-01-15,PAID,ACCREC,GBP,58453635-8cad-46da-b16f-dcae02f4c413
4002,TOUCHE BLACK 8 (41),165.41,33.09,198.5,2022-01-16,2022-01-16,PAID,ACCREC,GBP,8dc39305-8134-4e82-ab85-a77c8ef40ce2
4002,NERIO SATIN BLACK 5 (EU38),160.21,32.04,192.25,2022-01-17,2022-01-17,PAID,ACCREC,GBP,3b71d557-53d4-455d-aed9-8749c019443c
6205,.,72.99,0.0,72.99,2022-01-21,2022-02-20,PAID,ACCPAY,USD,85522cd9-1dbd-428b-9d3e-87fdf2f9ad75
5003,.,209.47,0.0,209.47,2022-01-06,2022-02-05,PAID,ACCPAY,GBP,efc54838-83e4-473c-91ba-d43e58a58225
5003,.,458.89,0.0,458.89,2021-12-31,2022-01-30,PAID,ACCPAY,GBP,047c64e5-f42b-4526-812c-5a3748216a73
6205,.,20.0,4.0,24.0,2022-01-01,2022-01-31,PAID,ACCPAY,GBP,8baff819-9878-4419-9333-6f16df1b6cb4
7607,USA Hours,3125.0,0.0,3125.0,2022-01-04,2022-01-31,PAID,ACCPAY,GBP,8dbe7787-c4b1-473b-98f7-72e8a48b560f
5003,.,1099.81,0.0,1099.81,2021-12-29,2022-01-28,PAID,ACCPAY,GBP,c36ca4ce-7c63-4032-b882-ea47daafd294
6200,CLOSED MULE SLIPPER BEVA SUEDE S (37-38),0.0,0.0,0.0,2022-01-24,2022-01-24,PAID,ACCREC,GBP,b39239cb-1cfc-4139-8996-a8e6f0d08060
4002,NORDIC TALL LUXE GREY 6 (EU39),514.58,102.92,617.5,2022-01-26,2022-01-26,PAID,ACCREC,GBP,b1bb6c9a-2a28-4b66-b35c-c15efe4ba2ba
4002,NORDIC TALL LUXE BLACK 6 (EU39),177.08,35.42,212.5,2022-01-26,2022-01-26,PAID,ACCREC,GBP,6441cc37-13d3-473d-8d63-5dd91b5208b8
4002,ATILLA SHORT BUFF PALE 4 (EU37),124.58,24.92,149.5,2022-01-07,2022-01-07,PAID,ACCREC,GBP,a135a3d1-3860-4a60-b7dc-5d930389dfd1
4002,COSY XTRA SHORT SATIN BLACK 4 (EU37),81.46,16.29,97.75,2022-01-12,2022-01-12,PAID,ACCREC,GBP,5277bf53-4bbc-4bf1-871f-6a7cd04e578a
4002,COSY TALL CHESTNUT 5 (EU38),135.42,27.08,162.5,2022-01-06,2022-01-06,PAID,ACCREC,GBP,4d95ca66-0641-447c-b93d-6c4dcbb404e5
4002,NORDIC SHORT LUXE LEO 6 (EU39) ,137.5,27.5,165.0,2022-01-06,2022-01-06,PAID,ACCREC,GBP,9b494493-241e-454d-8a92-91a768c287ae
4002,CLOSED MULE SLIPPERS WHISKY WAX M (39-40),66.66,13.34,80.0,2022-01-07,2022-01-07,PAID,ACCREC,GBP,0cc8ac5c-e6eb-416a-8f38-ccc10c41663f
4002,LOYAL BEVA 5 (EU38),118.75,23.75,142.5,2022-01-10,2022-01-10,PAID,ACCREC,GBP,497950d9-476d-489b-b873-bbfacc730845
4002,ZHINU SAND 6 (EU39) ,137.5,27.5,165.0,2022-01-06,2022-01-06,PAID,ACCREC,GBP,410aa637-a247-4896-b062-e4e6eecb13c7
4002,NORDIC SHORT LUXE BLACK 3 (EU36),257.5,51.5,309.0,2022-01-07,2022-01-07,PAID,ACCREC,GBP,0b41636c-0983-45bd-884f-fd6ce83dccc7
4002,VAMP SLIPPER BLACK 3 (EU36),60.41,12.09,72.5,2022-01-10,2022-01-10,PAID,ACCREC,GBP,3e6c85e9-622d-4f8a-9a9b-de86aed3dbc6
4002,NORDIC SHORT LUXE LEO 6 (EU39),137.5,27.5,165.0,2022-01-12,2022-01-12,PAID,ACCREC,GBP,80c94a70-8364-48bb-aeaf-fae8644ce274
6200,.,2700.0,540.0,3240.0,2022-01-27,2022-02-26,PAID,ACCPAY,GBP,b0a9381b-a34d-4369-972e-716c854998f8
6200,CLOSED MULE SLIPPER BLACK SUEDE L (41-42),0.0,0.0,0.0,2022-01-30,2022-01-30,PAID,ACCREC,GBP,9281c4b1-11fc-4818-8641-6923c48fd304
6200,MUCHAS BUFF LEATHER CROW 5 (EU38),0.0,0.0,0.0,2022-01-31,2022-01-31,PAID,ACCREC,GBP,45e02b26-599c-48ba-8543-06876eda3b7d
4002,LEEN WHITE/SPLAT 6 (39),118.75,23.75,142.5,2022-01-31,2022-01-31,PAID,ACCREC,GBP,72a70a84-6213-4243-a3d2-eede694be8be
4000,COS204N_CH.39 5056445000605,1990.1,0.0,1990.1,2022-02-04,NONE,DELETED,ACCREC,EUR,30273d84-2645-4b86-acd3-898ac3768022
6201,.,70.0,0.0,70.0,2022-02-07,2022-03-09,PAID,ACCPAY,GBP,aeab6ccd-f37f-4748-974d-121ff58964fc
6201,.,70.0,0.0,70.0,2022-02-14,2022-03-16,PAID,ACCPAY,GBP,850e4129-614d-41b6-bfae-0e201eadb2ca
6201,.,70.0,0.0,70.0,2022-01-23,2022-02-22,PAID,ACCPAY,GBP,7c5cd391-ef57-4239-ac75-2bdda29305f8
6201,.,70.0,0.0,70.0,2022-01-31,2022-03-02,PAID,ACCPAY,GBP,83e7e41b-1ca4-475e-b93f-1832c0958476
4000,BEEN THERE BLACK,316.67,63.33,380.0,2022-01-29,2022-01-29,VOIDED,ACCREC,GBP,fd34e04f-b61c-4562-900e-8b9aa03522a6
4002,MENS COSY XTRA SHORT BLACK 10 (EU43),87.08,17.42,104.5,2022-01-17,2022-01-17,PAID,ACCREC,GBP,5bbbf124-7f2d-4b99-9027-712811e62830
4002,MENS MULE BUFF WHISKY L (11-12),79.16,15.84,95.0,2022-01-16,2022-01-16,PAID,ACCREC,GBP,402d1ca9-df90-4442-b045-93c6b1f4887a
4002,COSY SHORT BUFF SMOKE 6 (EU39),369.58,73.92,443.5,2022-01-13,2022-01-13,PAID,ACCREC,GBP,6e8694f0-9d8b-454b-99a5-d5af3614a80e
4002,CLOSED MULE SLIPPERS BUFF LEATHER SMOKE S (37-38),279.16,55.84,335.0,2022-01-15,2022-01-15,PAID,ACCREC,GBP,b282da66-d493-484b-ab13-e78b286ed4bd
6200,Australia Luxe Collective Boot and Slipper Care Kit,4.5,0.0,4.5,2022-01-28,2022-01-28,PAID,ACCREC,GBP,27b6ed79-afcc-4ed9-ac37-8476308f6baf
6200,Australia Luxe Collective Boot and Slipper Care Kit,4.5,0.0,4.5,2022-01-28,2022-01-28,PAID,ACCREC,GBP,6a50adc7-44ff-4709-ae76-a5fce68ddc2b
6200,Australia Luxe Collective Boot and Slipper Care Kit,4.5,0.0,4.5,2022-01-29,2022-01-29,PAID,ACCREC,GBP,6f549138-43d7-4d14-8f79-d0d4fdf8adf7
6200,Australia Luxe Collective Boot and Slipper Care Kit,4.5,0.0,4.5,2022-01-31,2022-01-31,PAID,ACCREC,GBP,48cec577-d1ac-4e85-991e-06fbd30ae245
6200,Australia Luxe Collective Boot and Slipper Care Kit,4.5,0.0,4.5,2022-01-31,2022-01-31,PAID,ACCREC,GBP,c8c69fe0-3172-4802-afb1-345c97059726
6200,Australia Luxe Collective Boot and Slipper Care Kit,4.5,0.0,4.5,2022-01-31,2022-01-31,PAID,ACCREC,GBP,66de5312-ad7d-4e1a-9ac9-a60f55fc7fa6
6200,Australia Luxe Collective Boot and Slipper Care Kit,4.5,0.0,4.5,2022-01-31,2022-01-31,PAID,ACCREC,GBP,760aa888-23da-49b2-b394-e1a9a0b691cb
6200,Australia Luxe Collective Boot and Slipper Care Kit,4.5,0.0,4.5,2022-01-31,2022-01-31,PAID,ACCREC,GBP,3cde5af3-edbb-460d-b461-efbabd293a57
6200,Australia Luxe Collective Boot and Slipper Care Kit,4.5,0.0,4.5,2022-02-01,2022-02-01,PAID,ACCREC,GBP,d988c134-9d98-4f6f-9be6-ae781e31e6cf
6200,Australia Luxe Collective Boot and Slipper Care Kit,4.5,0.0,4.5,2022-02-01,2022-02-01,PAID,ACCREC,GBP,99c1bec9-f6fc-4ec5-b428-6f1f726b9628
6200,Australia Luxe Collective Boot and Slipper Care Kit,4.5,0.0,4.5,2022-02-01,2022-02-01,PAID,ACCREC,GBP,5b346dc0-ad2d-48e2-96d6-fbdca97d1df5
6200,Australia Luxe Collective Boot and Slipper Care Kit,4.5,0.0,4.5,2022-02-02,2022-02-02,PAID,ACCREC,GBP,fffc4bde-4837-4b9a-b76c-660228c64066
6200,Australia Luxe Collective Boot and Slipper Care Kit,4.5,0.0,4.5,2022-02-02,2022-02-02,PAID,ACCREC,GBP,0ee1cb41-82cf-4df3-9f95-6b91ebb9d308
6200,Australia Luxe Collective Boot and Slipper Care Kit,4.5,0.0,4.5,2022-02-02,2022-02-02,PAID,ACCREC,GBP,d1775bed-d3bf-469e-8b64-54ef4ccdc6fa
6200,Australia Luxe Collective Boot and Slipper Care Kit,4.5,0.0,4.5,2022-02-03,2022-02-03,PAID,ACCREC,GBP,75d287cf-301a-441d-8f79-634e8e17910e
6200,Australia Luxe Collective Boot and Slipper Care Kit,4.5,0.0,4.5,2022-02-04,2022-02-04,PAID,ACCREC,GBP,9a0f082e-21e8-458b-bbf3-cd7c7c7a9af2
6200,Australia Luxe Collective Boot and Slipper Care Kit,4.5,0.0,4.5,2022-02-04,2022-02-04,PAID,ACCREC,GBP,4c64383c-11d9-4124-b4c5-671c48a44a6d
6200,Australia Luxe Collective Boot and Slipper Care Kit,4.5,0.0,4.5,2022-02-04,2022-02-04,PAID,ACCREC,GBP,f0a42756-ae59-483c-9711-027318392715
6200,Australia Luxe Collective Boot and Slipper Care Kit,4.5,0.0,4.5,2022-02-04,2022-02-04,PAID,ACCREC,GBP,157a5030-f18c-47ff-8d2d-96fc38eae2f8
6200,Australia Luxe Collective Boot and Slipper Care Kit,4.5,0.0,4.5,2022-02-05,2022-02-05,PAID,ACCREC,GBP,81a0c35e-66ba-4f22-a449-9c8404b8558a
6200,Australia Luxe Collective Boot and Slipper Care Kit,4.5,0.0,4.5,2022-02-06,2022-02-06,PAID,ACCREC,GBP,f6c55431-fa11-49c1-8e32-532497e7b767
6200,Australia Luxe Collective Boot and Slipper Care Kit,4.5,0.0,4.5,2022-02-07,2022-02-07,PAID,ACCREC,GBP,562d6af3-4aef-4b59-ac59-3e231bab3376
6200,Australia Luxe Collective Boot and Slipper Care Kit,4.5,0.0,4.5,2022-02-09,2022-02-09,PAID,ACCREC,GBP,cd68d1d7-118c-45ae-9078-2bb1f450368a
6200,Australia Luxe Collective Boot and Slipper Care Kit,4.5,0.0,4.5,2022-02-09,2022-02-09,PAID,ACCREC,GBP,cd61ef0b-d434-4f11-90cb-bcd73d3f7303
6200,Australia Luxe Collective Boot and Slipper Care Kit,4.5,0.0,4.5,2022-02-09,2022-02-09,PAID,ACCREC,GBP,b261f1bf-aed1-43fd-a430-f2197d8f125b
4002,NORDIC SHORT LUXE GREY 6 (EU39),187.5,37.5,225.0,2022-02-06,2022-02-06,PAID,ACCREC,GBP,e41ca664-431d-40c1-8fb6-1ce0e66653ff
4002,COSY XTRA SHORT BUFF LEATHER CROW 4 (37),81.46,16.29,97.75,2022-02-03,2022-02-03,PAID,ACCREC,GBP,ab90d56d-7888-4be9-ae51-8b920b86238b
4002,COSY ULTRA SHORT BUFF CROW 8 (EU41),79.16,15.84,95.0,2022-01-27,2022-01-27,PAID,ACCREC,GBP,3ef2d152-7c18-4d92-9f85-8950b1722f63
4002,VAMP SLIPPER BLACK 8 (EU41),60.41,12.09,72.5,2022-01-20,2022-01-20,PAID,ACCREC,GBP,5819729f-3312-4fc0-9f33-c7ffb25b2682
4000,BEEN THERE BLACK 3 (EU36),316.67,63.33,380.0,2022-01-29,2022-01-29,PAID,ACCREC,GBP,e2f59274-1c35-489f-9f22-da47bc6b7735
4002,HOMEWORK BUFF DUSK 5 (EU38),89.58,17.92,107.5,2022-02-01,2022-02-01,PAID,ACCREC,GBP,cbb72ea8-e3be-44a4-bb3b-eb09ecf89e8d
4002,COSY SHORT BUFF CROW 6 (39),250.0,50.0,300.0,2022-02-09,2022-02-09,PAID,ACCREC,GBP,26beebb0-2b07-4e58-9bf5-a4e18e669c02
4002,COSY TALL SATIN BLACK 6 (EU39),107.71,21.54,129.25,2022-02-07,2022-02-07,PAID,ACCREC,GBP,98d5f0f0-b2f8-4bcc-9497-ed28c11ba991
4002,BABY NORDIC GREY S ,28.33,5.67,34.0,2022-02-10,2022-02-10,PAID,ACCREC,GBP,cf89c54e-138e-4d6b-8e66-e818a2821407
4002,COSY ULTRA SHORT BLACK 8 (EU41),65.0,13.0,78.0,2022-02-14,2022-02-14,PAID,ACCREC,GBP,9a812763-2a88-4c12-9e2a-279c4b94ece1
6200,Australia Luxe Collective Boot and Slipper Care Kit,4.5,0.0,4.5,2022-01-27,2022-01-27,PAID,ACCREC,GBP,e0d09be9-df13-4a4d-83b4-67a09f232164
6200,Australia Luxe Collective Boot and Slipper Care Kit,4.5,0.0,4.5,2022-01-27,2022-01-27,PAID,ACCREC,GBP,9cb8f1c4-89c5-4b5f-91e4-6a535492facc
6200,Australia Luxe Collective Boot and Slipper Care Kit,4.5,0.0,4.5,2022-01-27,2022-01-27,PAID,ACCREC,GBP,c3c93b9d-2cc4-4bdd-9ba0-c24494531334
6200,Australia Luxe Collective Boot and Slipper Care Kit,4.5,0.0,4.5,2022-01-27,2022-01-27,PAID,ACCREC,GBP,1e0f5f13-a468-4aa4-8210-dcaf5eda0cd2
6200,Australia Luxe Collective Boot and Slipper Care Kit,4.5,0.0,4.5,2022-01-28,2022-01-28,PAID,ACCREC,GBP,b4fea4d3-88ee-4a35-8535-1377a513c3c1
6200,Australia Luxe Collective Boot and Slipper Care Kit,4.5,0.0,4.5,2022-01-28,2022-01-28,PAID,ACCREC,GBP,bf9a0681-9c39-4065-9e71-3cccc0ccfcfa
6200,Australia Luxe Collective Boot and Slipper Care Kit,4.5,0.0,4.5,2022-01-28,2022-01-28,PAID,ACCREC,GBP,ac24d3b6-424c-4859-af01-5da5bc3cde8e
6200,Australia Luxe Collective Boot and Slipper Care Kit,4.5,0.0,4.5,2022-01-28,2022-01-28,PAID,ACCREC,GBP,19b9193d-428c-4a4e-8cd0-735c699f4f00
6200,Australia Luxe Collective Boot and Slipper Care Kit,4.5,0.0,4.5,2022-01-28,2022-01-28,PAID,ACCREC,GBP,2fd46773-a060-4df2-bdcb-ea54ea35c5fb
6200,Australia Luxe Collective Boot and Slipper Care Kit,4.5,0.0,4.5,2022-01-29,2022-01-29,PAID,ACCREC,GBP,a5ff2eae-6c43-434f-a213-3d7903b7c2cb
6200,Australia Luxe Collective Boot and Slipper Care Kit,4.5,0.0,4.5,2022-01-30,2022-01-30,PAID,ACCREC,GBP,b1dd2bd2-166e-467c-b71f-0687876629ed
6200,Australia Luxe Collective Boot and Slipper Care Kit,4.5,0.0,4.5,2022-01-31,2022-01-31,PAID,ACCREC,GBP,9061aef1-a16f-4547-af13-73d43709649b
6200,Australia Luxe Collective Boot and Slipper Care Kit,4.5,0.0,4.5,2022-01-31,2022-01-31,PAID,ACCREC,GBP,6fb0f3e6-3cbd-401a-98cb-9d61e963d498
6200,Australia Luxe Collective Boot and Slipper Care Kit,4.5,0.0,4.5,2022-02-01,2022-02-01,PAID,ACCREC,GBP,3ccd6059-c2bb-45d7-bc97-3bef65990302
6200,Australia Luxe Collective Boot and Slipper Care Kit,4.5,0.0,4.5,2022-02-02,2022-02-02,PAID,ACCREC,GBP,1612e30f-5cb4-4fe5-be62-2c75f6dffd50
6200,Australia Luxe Collective Boot and Slipper Care Kit,4.5,0.0,4.5,2022-02-02,2022-02-02,PAID,ACCREC,GBP,2d1e4033-b1fb-467e-8f02-2c81c3da8df2
6200,Australia Luxe Collective Boot and Slipper Care Kit,4.5,0.0,4.5,2022-02-02,2022-02-02,PAID,ACCREC,GBP,3be8bbba-c343-419e-9555-fbe2ae063d2e
6200,Australia Luxe Collective Boot and Slipper Care Kit,4.5,0.0,4.5,2022-02-03,2022-02-03,PAID,ACCREC,GBP,c35f09c6-c627-4c45-9cd4-1548b3d39b8a
6200,Australia Luxe Collective Boot and Slipper Care Kit,4.5,0.0,4.5,2022-02-04,2022-02-04,PAID,ACCREC,GBP,97f7fe7a-3887-4ef7-b27d-0e6bbbe5a6d4
6200,Australia Luxe Collective Boot and Slipper Care Kit,4.5,0.0,4.5,2022-02-06,2022-02-06,PAID,ACCREC,GBP,6c4e72e2-a8c5-4c83-a3a4-6d504d930918
6200,Australia Luxe Collective Boot and Slipper Care Kit,4.5,0.0,4.5,2022-02-06,2022-02-06,PAID,ACCREC,GBP,1baac91a-9a58-4127-8346-965ff9c19c46
6200,Australia Luxe Collective Boot and Slipper Care Kit,4.5,0.0,4.5,2022-02-07,2022-02-07,PAID,ACCREC,GBP,82a7a105-8cae-4094-8da4-5c9673006ee8
6200,Australia Luxe Collective Boot and Slipper Care Kit,4.5,0.0,4.5,2022-02-09,2022-02-09,PAID,ACCREC,GBP,e6b180ae-e137-4262-b53b-8a13ea2772e1
6200,Australia Luxe Collective Boot and Slipper Care Kit,4.5,0.0,4.5,2022-02-10,2022-02-10,PAID,ACCREC,GBP,62b24fb8-172c-46d0-8d27-023162c92c36
6200,Australia Luxe Collective Boot and Slipper Care Kit,4.5,0.0,4.5,2022-02-10,2022-02-10,PAID,ACCREC,GBP,f76c5832-a99a-4e05-af3b-4b6b269a6e1a
6201,.,70.0,0.0,70.0,2022-02-21,2022-03-23,PAID,ACCPAY,GBP,e1e486a0-f1cf-4fb7-9b89-2780d0551172
6205,.,72.99,0.0,72.99,2022-02-20,2022-03-22,PAID,ACCPAY,USD,6b81a8bb-6f71-4464-973a-98726a637d52
7607,USA Hours,2500.0,0.0,2500.0,2022-02-01,2022-03-03,PAID,ACCPAY,GBP,35f168f2-4d6e-48b6-8a7e-a3fca9b3cc52
4000,Wholesale CC Payment,1250.0,250.0,1500.0,2022-02-11,2022-02-11,DELETED,ACCREC,GBP,3639cb90-135b-4950-bdf3-0c428434955f
6201,.,769.99,0.0,769.99,2022-02-21,2022-03-23,PAID,ACCPAY,GBP,66f3f510-1854-4eb7-a31e-6dd0b28f8ff8
6200,Australia Luxe Collective Boot and Slipper Care Kit,4.5,0.0,4.5,2022-02-10,2022-02-10,PAID,ACCREC,GBP,1187a3dd-47e4-4b59-9d94-d5bf43d6b435
6200,Australia Luxe Collective Boot and Slipper Care Kit,4.5,0.0,4.5,2022-02-10,2022-02-10,PAID,ACCREC,GBP,b233ea13-f63c-4493-a964-953eb5b50f9d
6200,Australia Luxe Collective Boot and Slipper Care Kit,4.5,0.0,4.5,2022-02-12,2022-02-12,PAID,ACCREC,GBP,622d36ae-2879-478e-8111-5ff2d843f0aa
6200,Australia Luxe Collective Boot and Slipper Care Kit,4.5,0.0,4.5,2022-02-12,2022-02-12,PAID,ACCREC,GBP,ef5be9a8-e7bb-4526-8138-47fa1f73152e
6200,Australia Luxe Collective Boot and Slipper Care Kit,4.5,0.0,4.5,2022-02-12,2022-02-12,PAID,ACCREC,GBP,17af8b95-42bf-4712-b2b8-b8f9e742e8e5
6200,Australia Luxe Collective Boot and Slipper Care Kit,4.5,0.0,4.5,2022-02-13,2022-02-13,PAID,ACCREC,GBP,94662d79-a88e-4aef-8560-64ebc5a3a249
6200,Australia Luxe Collective Boot and Slipper Care Kit,4.5,0.0,4.5,2022-02-14,2022-02-14,PAID,ACCREC,GBP,fb9a8fce-abcf-45b4-bb4f-b91604f5d621
6200,Australia Luxe Collective Boot and Slipper Care Kit,4.5,0.0,4.5,2022-02-14,2022-02-14,PAID,ACCREC,GBP,ead7665e-2efe-4f29-b091-8df5547e40ff
6200,Australia Luxe Collective Boot and Slipper Care Kit,4.5,0.0,4.5,2022-02-16,2022-02-16,PAID,ACCREC,GBP,1b821855-1e54-4742-9d85-aff6a2829688
6200,Australia Luxe Collective Boot and Slipper Care Kit,4.5,0.0,4.5,2022-02-10,2022-02-10,PAID,ACCREC,GBP,8061e198-b161-48b7-beca-d960d475e063
6200,Australia Luxe Collective Boot and Slipper Care Kit,4.5,0.0,4.5,2022-02-12,2022-02-12,PAID,ACCREC,GBP,cbeb3f45-f1a1-4601-8bcb-3e9445d71f9c
6200,Australia Luxe Collective Boot and Slipper Care Kit,4.5,0.0,4.5,2022-02-12,2022-02-12,PAID,ACCREC,GBP,fc03996e-9b9e-440f-b9f6-813105e0fc79
6200,Australia Luxe Collective Boot and Slipper Care Kit,4.5,0.0,4.5,2022-02-13,2022-02-13,PAID,ACCREC,GBP,e4bf96aa-f18c-4cee-ab58-1d6de4831c70
4002,LEEN CROW BUFF LEATHER 5 (EU38),96.66,19.34,116.0,2022-02-12,2022-02-12,PAID,ACCREC,GBP,7119d79f-c006-403e-90c3-246308c110a1
4002,ATILLA SHORT BLACK 6 (EU39),170.0,34.0,204.0,2022-02-10,2022-02-10,PAID,ACCREC,GBP,b1abb52a-2e7f-40ce-b3d2-f24e930bf1b4
4002,NERIO SATIN BLACK 6 (EU39),193.33,38.67,232.0,2022-02-10,2022-02-10,PAID,ACCREC,GBP,0020b19d-3e8a-4588-b8f7-c5c96e566f71
4000,Wholesale CC Payment,1250.0,250.0,1500.0,2022-02-11,2022-02-11,VOIDED,ACCREC,GBP,c23aefa1-005f-4077-a81c-5e0c59b72475
6201,.,70.0,0.0,70.0,2022-02-28,2022-03-30,PAID,ACCPAY,GBP,2aa8b3f4-ddde-4ba2-aa5a-a14af474d893
4000,CMU206N CLOSED MULE SLIPPERS SUEDE CHESTNUT XS(35-36),10098.0,0.0,10098.0,2021-12-16,2022-02-15,PAID,ACCREC,GBP,c31670cf-111f-4089-b939-27d94a4ec29e
6201,.,39.15,0.0,39.15,2021-12-22,2021-12-22,VOIDED,ACCPAY,GBP,17d0a654-2914-4176-a68d-d4a569322f0e
4000,ANG203LW-BL#37 5056445029057,112774.2,0.0,112774.2,2021-11-19,2021-12-03,PAID,ACCREC,EUR,5b124667-cc72-423e-b983-3cd8a5fa38e2
7607,USA Hours,2500.0,0.0,2500.0,2022-02-28,2022-03-30,PAID,ACCPAY,GBP,4aab2848-e6ab-4445-9152-f1f74d568e76
6100,"555 RETAIL INV#0704 VAL £117,364 @ 2% BONUS",3532.27,0.0,3532.27,2021-11-30,2021-12-30,PAID,ACCPAY,GBP,2a320010-fd0d-4c56-a564-283e2cfa6958
4000,ATILF203N-BL ATILLA SHORT BLACK 6 (EU39),9091.16,1817.95,10909.11,2022-01-29,2022-02-12,PAID,ACCREC,GBP,3679f58f-30a0-4318-890d-83668f659ce4
4000,COS204N_CH.39 5056445000605,2060.95,0.0,2060.95,2022-02-22,2022-02-22,PAID,ACCREC,EUR,6e057e60-a606-48f5-a125-b1acd491625e
6205,.,20.0,4.0,24.0,2022-02-01,2022-03-03,PAID,ACCPAY,GBP,e8b217c7-84cb-4cd9-b613-079838160290
5003,.,129.78,0.0,129.78,2022-02-01,2022-03-03,PAID,ACCPAY,GBP,5b3b624d-bb22-4db2-a1db-19d9358b59fc
6901,.,1139.6,0.0,1139.6,2021-11-30,2021-12-30,PAID,ACCPAY,GBP,7a50b164-9dad-4b27-8927-412d4d4060f9
5003,.,45.69,0.0,45.69,2022-01-18,2022-02-17,PAID,ACCPAY,GBP,d8d888a0-11ab-45d7-a33e-955bcc776c27
5003,.,344.14,0.0,344.14,2022-01-20,2022-02-19,PAID,ACCPAY,GBP,c2b9b8f5-687c-471a-a691-457beb34e857
5003,.,254.47,0.0,254.47,2022-02-18,2022-03-20,PAID,ACCPAY,GBP,c4cef1a4-a809-45b6-ae1f-293a6d0dffde
6901,.,1201.76,0.0,1201.76,2021-11-25,2021-12-25,PAID,ACCPAY,GBP,2451aadf-05fd-48d7-8eb5-c75fc9e272ac
6901,.,449.0,0.0,449.0,2021-11-30,2021-12-30,PAID,ACCPAY,GBP,2affc657-60d5-429a-948b-cfc67025b082
6901,.,1334.1,0.0,1334.1,2021-12-30,2022-01-29,PAID,ACCPAY,GBP,4bbf3ec5-c453-453a-9acf-f73b94d037ab
5003,.,353.4,0.0,353.4,2022-01-31,2022-03-02,PAID,ACCPAY,GBP,fe07dc61-5aa7-4ba2-8f29-bb161ba82758
6200,Australia Luxe Collective Boot and Slipper Care Kit,4.5,0.0,4.5,2022-02-17,2022-02-17,PAID,ACCREC,GBP,d8a9e8ba-3b61-488a-83f3-c343604a3362
6200,Australia Luxe Collective Boot and Slipper Care Kit,4.5,0.0,4.5,2022-02-17,2022-02-17,PAID,ACCREC,GBP,91e8b95a-8123-4d0c-9a1e-1e2bf8650476
6200,Australia Luxe Collective Boot and Slipper Care Kit,4.5,0.0,4.5,2022-02-17,2022-02-17,PAID,ACCREC,GBP,8e3b8a3a-f804-49fa-9da2-70f132330490
6200,Australia Luxe Collective Boot and Slipper Care Kit,4.5,0.0,4.5,2022-02-18,2022-02-18,PAID,ACCREC,GBP,37263b39-cfaa-43fa-ba04-529eff22a86b
4002,COSY ULTRA SHORT BUFF DUSK 6 (EU39),123.34,24.66,148.0,2022-02-19,2022-02-19,PAID,ACCREC,GBP,ad92e98c-e722-451e-9da1-28f6914df285
6200,Australia Luxe Collective Boot and Slipper Care Kit,4.5,0.0,4.5,2022-02-19,2022-02-19,PAID,ACCREC,GBP,9af13706-851b-4154-97ee-5e3af9fdda74
6200,Australia Luxe Collective Boot and Slipper Care Kit,4.5,0.0,4.5,2022-02-20,2022-02-20,PAID,ACCREC,GBP,03e113ac-323c-4e9c-bbca-946b6bc482e8
6200,Australia Luxe Collective Boot and Slipper Care Kit,4.5,0.0,4.5,2022-02-20,2022-02-20,PAID,ACCREC,GBP,c13aa68d-0305-4c39-b474-008e6caaad86
6200,Australia Luxe Collective Boot and Slipper Care Kit,4.5,0.0,4.5,2022-02-21,2022-02-21,PAID,ACCREC,GBP,4e894aa2-088a-478d-abfa-5a0f02dee567
6200,Australia Luxe Collective Boot and Slipper Care Kit,4.5,0.0,4.5,2022-02-22,2022-02-22,PAID,ACCREC,GBP,9f7f6328-766a-4b79-b4a8-713bb56f05bf
6200,Australia Luxe Collective Boot and Slipper Care Kit,4.5,0.0,4.5,2022-02-22,2022-02-22,PAID,ACCREC,GBP,96b4f4fc-917a-42dc-98aa-822347e5f419
6200,Australia Luxe Collective Boot and Slipper Care Kit,4.5,0.0,4.5,2022-02-22,2022-02-22,PAID,ACCREC,GBP,b9d87638-98c9-4185-ae14-8c08f5f5c85d
6200,Australia Luxe Collective Boot and Slipper Care Kit,4.5,0.0,4.5,2022-02-23,2022-02-23,PAID,ACCREC,GBP,cd8c745a-2e09-4e29-bca5-092ef5f3be73
6200,Australia Luxe Collective Boot and Slipper Care Kit,4.5,0.0,4.5,2022-02-23,2022-02-23,PAID,ACCREC,GBP,c9692207-efc0-4f93-8469-1acc05c68dde
6200,Australia Luxe Collective Boot and Slipper Care Kit,4.5,0.0,4.5,2022-02-23,2022-02-23,PAID,ACCREC,GBP,8a626651-458c-4204-870c-bff1e1884feb
4002,NORDIC TALL LUXE BLACK 5 (EU38),278.33,55.67,334.0,2022-02-23,2022-02-23,PAID,ACCREC,GBP,5499060a-e62c-4b4b-8f58-9c8f19dea143
4002,COSY SHORT BUFF SMOKE 4 (EU37),71.33,14.27,85.6,2022-02-23,2022-02-23,PAID,ACCREC,GBP,66c79405-5f54-4e25-8f72-b0576a678faf
6200,Australia Luxe Collective Boot and Slipper Care Kit,4.5,0.0,4.5,2022-02-17,2022-02-17,PAID,ACCREC,GBP,6bb6fa30-b0d5-4a4a-9c09-9367cacb2924
6200,Australia Luxe Collective Boot and Slipper Care Kit,4.5,0.0,4.5,2022-02-18,2022-02-18,PAID,ACCREC,GBP,d7b0bf64-48ec-475c-8202-0b48abe5cbef
6200,Australia Luxe Collective Boot and Slipper Care Kit,4.5,0.0,4.5,2022-02-20,2022-02-20,PAID,ACCREC,GBP,3ff541aa-bf6f-461d-a835-110710c77807
6200,Australia Luxe Collective Boot and Slipper Care Kit,4.5,0.0,4.5,2022-02-20,2022-02-20,PAID,ACCREC,GBP,365ce585-5158-442e-8c68-c351faaca8de
6200,Australia Luxe Collective Boot and Slipper Care Kit,4.5,0.0,4.5,2022-02-21,2022-02-21,PAID,ACCREC,GBP,a041ff4f-5bf8-4e08-8105-174ac9f8c837
4002,ATILLA SHORT GREY 4 (EU37),111.66,22.34,134.0,2022-02-21,2022-02-21,PAID,ACCREC,GBP,df4979ff-0fcc-40e7-813b-333bc529953d
6200,Australia Luxe Collective Boot and Slipper Care Kit,4.5,0.0,4.5,2022-02-21,2022-02-21,PAID,ACCREC,GBP,4b8be0c5-6203-4938-a436-55ebb922f324
6200,Australia Luxe Collective Boot and Slipper Care Kit,4.5,0.0,4.5,2022-02-22,2022-02-22,PAID,ACCREC,GBP,e9174a15-8e9b-4fb5-8078-dfd5dd17646b
4002,SLOUCH TALL BLACK 8 (EU41),158.33,31.67,190.0,2022-03-02,2022-03-02,PAID,ACCREC,GBP,22f4acaa-986d-4d45-a76f-3c2446453c0e
6901,.,2823.36,564.67,3388.03,2021-12-31,2022-01-30,PAID,ACCPAY,GBP,afa7f839-2aac-4cbb-8e20-e3245d808a3d
6901,.,446.04,0.0,446.04,2022-01-31,2022-03-02,PAID,ACCPAY,GBP,a2cef078-7d4b-441b-9234-48ff8476496d
6901,.,4161.84,832.37,4994.21,2022-01-31,2022-03-02,PAID,ACCPAY,GBP,02a4c28a-8065-4d2f-beaa-1f912bbf7e49
4000,ANG203LW-BL ANGEL SHORT BLACK 40,4999.14,999.97,5999.11,2022-03-01,2022-03-16,PAID,ACCREC,GBP,91fd7211-8e9b-42fc-9ba8-6d315c3fcd37
4000,ANG202LW-PA#37 5056445029262,12022.02,0.0,12022.02,2022-03-17,2022-03-17,DELETED,ACCREC,EUR,0a7639e6-8c32-47bf-835e-ce15be691a37
6200,Australia Luxe Collective Boot and Slipper Care Kit,4.5,0.0,4.5,2022-02-24,2022-02-24,PAID,ACCREC,GBP,22718b0a-6a65-462d-80b7-719fb14c6de7
6200,Australia Luxe Collective Boot and Slipper Care Kit,4.5,0.0,4.5,2022-02-24,2022-02-24,PAID,ACCREC,GBP,966e8c79-b713-4d26-9f26-f6deae5def53
6200,Australia Luxe Collective Boot and Slipper Care Kit,4.5,0.0,4.5,2022-02-25,2022-02-25,PAID,ACCREC,GBP,b6dd110d-45f7-4cfb-b246-44ce72cd2599
6200,Australia Luxe Collective Boot and Slipper Care Kit,4.5,0.0,4.5,2022-03-01,2022-03-01,PAID,ACCREC,GBP,e56f5c10-2f13-469f-af97-4363bbda99b2
4002,COSY TALL SATIN BLACK 5 (EU38),96.66,19.34,116.0,2022-02-24,2022-02-24,PAID,ACCREC,GBP,05f19a87-1a46-4594-9eb8-25bf9c383316
4002,FOXY TALL BLACK 5 (EU38),272.83,54.57,327.4,2022-02-26,2022-02-26,PAID,ACCREC,GBP,4e33d72b-168a-41b8-b8cd-d432e61cac09
6200,Australia Luxe Collective Boot and Slipper Care Kit,4.5,0.0,4.5,2022-03-01,2022-03-01,PAID,ACCREC,GBP,2d803dd8-698f-47c8-8419-b6de88563099
6200,Australia Luxe Collective Boot and Slipper Care Kit,4.5,0.0,4.5,2022-03-06,2022-03-06,PAID,ACCREC,GBP,55a61f73-4f2d-4ab6-aed0-ed128e984df3
4004,VAMP SLIPPER SAND 5 (EU38),74.4,0.0,74.4,2022-01-30,2022-03-01,PAID,ACCREC,GBP,d3dad8bb-e1de-4b92-9e07-069da07955a0
4002,ATILLA SHORT BLACK 5 (EU38),161.66,32.34,194.0,2022-03-05,2022-03-05,PAID,ACCREC,GBP,bf920f77-ce74-48e2-9e7b-05ebb5f550c8
4002,LEAN SADDLE BUFF LEATHER 6 (39),184.99,37.01,222.0,2022-03-03,2022-03-03,PAID,ACCREC,GBP,626aeb46-d609-4262-8583-39c4fc756dec
6200,Australia Luxe Collective Boot and Slipper Care Kit,4.5,0.0,4.5,2022-03-07,2022-03-07,PAID,ACCREC,GBP,9f5ddd31-94e4-4fb2-b884-ce9925e29a10
6200,Australia Luxe Collective Boot and Slipper Care Kit,4.5,0.0,4.5,2022-03-08,2022-03-08,PAID,ACCREC,GBP,826e561c-9fa4-4bc9-ab59-d8793e15f12c
6200,Australia Luxe Collective Boot and Slipper Care Kit,4.5,0.0,4.5,2022-03-08,2022-03-08,PAID,ACCREC,GBP,85537f66-af1a-41bf-a16c-805e143fa4ba
6200,Australia Luxe Collective Boot and Slipper Care Kit,4.5,0.0,4.5,2022-03-09,2022-03-09,PAID,ACCREC,GBP,2810b910-7042-4435-8329-9a3522f7928d
4002,COSY SHORT BUFF WHISKY 5 (38),79.16,15.83,94.99,2022-03-15,2022-03-15,PAID,ACCREC,GBP,9abea340-5823-4107-98d7-ca945f3b3580
5000,TOU017LF-BL,17010.0,0.0,17010.0,2021-07-15,2021-09-13,PAID,ACCPAY,USD,aa8d7b31-0a11-4197-9b10-6641d532a9ce
6205,.,72.99,0.0,72.99,2022-03-22,2022-04-21,PAID,ACCPAY,USD,c650fc00-b269-4d2f-a201-56e2fe34b60c
4002,ATILLA SHORT GREY 6 (EU39),101.33,20.27,121.6,2022-03-12,2022-03-12,PAID,ACCREC,GBP,5f1c52d4-19a6-451b-9bf8-7c5e77ae5ed0
6200,Australia Luxe Collective Boot and Slipper Care Kit,4.5,0.0,4.5,2022-03-10,2022-03-10,PAID,ACCREC,GBP,cde69303-0323-41f3-ac53-052c18f419e0
6200,Australia Luxe Collective Boot and Slipper Care Kit,4.5,0.0,4.5,2022-03-10,2022-03-10,PAID,ACCREC,GBP,9c9ce9a1-b5fa-4812-8aca-33e3ba640b51
6200,Australia Luxe Collective Boot and Slipper Care Kit,4.5,0.0,4.5,2022-03-10,2022-03-10,PAID,ACCREC,GBP,dbd64f87-c7de-4122-9dc1-a6a82ed87f58
6200,Australia Luxe Collective Boot and Slipper Care Kit,4.5,0.0,4.5,2022-03-11,2022-03-11,PAID,ACCREC,GBP,f0f1f9f8-97a5-47da-8290-bd2c5b804d84
6200,Australia Luxe Collective Boot and Slipper Care Kit,4.5,0.0,4.5,2022-03-12,2022-03-12,PAID,ACCREC,GBP,b7360f8d-652d-4e3c-8b98-8b4bd5691a37
4002,COSY SHORT BUFF CROW 4 (37),78.33,15.67,94.0,2022-03-12,2022-03-12,PAID,ACCREC,GBP,b5bd743a-5b25-4e8f-a0b1-8bd8f7506616
6200,Australia Luxe Collective Boot and Slipper Care Kit,4.5,0.0,4.5,2022-03-12,2022-03-12,PAID,ACCREC,GBP,0b5e7529-e88d-4f00-bee2-3d73f4b1b227
6200,Australia Luxe Collective Boot and Slipper Care Kit,4.5,0.0,4.5,2022-03-12,2022-03-12,PAID,ACCREC,GBP,ceddfd4d-8718-4800-9e76-88a2766610bc
6200,Australia Luxe Collective Boot and Slipper Care Kit,4.5,0.0,4.5,2022-03-13,2022-03-13,PAID,ACCREC,GBP,ec128116-c8c2-4e97-9074-87c449f72d3d
6200,Australia Luxe Collective Boot and Slipper Care Kit,4.5,0.0,4.5,2022-03-15,2022-03-15,PAID,ACCREC,GBP,51644425-a6dd-4a6c-864c-caeed43ff470
4002,ATILLA CROW WAX 8 (41),148.33,29.67,178.0,2022-03-12,2022-03-12,PAID,ACCREC,GBP,ea5e91fd-46bc-4c08-b46d-5ceff0cf0e5c
4002,SLOUCH TALL PALE 6 (EU39),208.33,41.67,250.0,2022-03-14,2022-03-14,PAID,ACCREC,GBP,9b603b03-925f-4080-9ab0-9866669727f5
6200,Australia Luxe Collective Boot and Slipper Care Kit,4.5,0.0,4.5,2022-03-08,2022-03-08,PAID,ACCREC,GBP,9ad24d6d-d350-4337-900a-8d2061c4e142
6200,Australia Luxe Collective Boot and Slipper Care Kit,4.5,0.0,4.5,2022-03-09,2022-03-09,PAID,ACCREC,GBP,9beab188-4615-412a-aebf-13154d99f273
6200,Australia Luxe Collective Boot and Slipper Care Kit,4.5,0.0,4.5,2022-03-11,2022-03-11,PAID,ACCREC,GBP,81e28199-7e26-43f2-bd93-d48bbf8461e8
6200,Australia Luxe Collective Boot and Slipper Care Kit,14.5,0.0,14.5,2022-03-12,2022-03-12,PAID,ACCREC,GBP,d4bb8a16-3cbd-4c06-873e-fc129cc3c98e
6200,Australia Luxe Collective Boot and Slipper Care Kit,4.5,0.0,4.5,2022-03-13,2022-03-13,PAID,ACCREC,GBP,c04e483e-c275-4e55-a40d-3f7d38befdc5
6200,Australia Luxe Collective Boot and Slipper Care Kit,4.5,0.0,4.5,2022-03-14,2022-03-14,PAID,ACCREC,GBP,29aa5184-2883-41d1-a690-9e49974fcf84
4000,Sales Invoice,187229.37,0.0,187229.37,2021-07-15,2021-08-15,VOIDED,ACCREC,EUR,ce814c56-d169-4d37-837c-11c798f39357
4000,BABY NORDIC CHESTNUT,37911.0,0.0,37911.0,2021-11-09,2021-11-09,VOIDED,ACCREC,EUR,0e680f42-919b-415e-8134-6f4fd8cd36d3
4004,VAMP SLIPPER GREY 6 (EU39),393.75,0.0,393.75,2022-02-10,2022-03-12,PAID,ACCREC,GBP,37cb293a-3ef4-47f0-8eb7-d188f7091a33
4004,COSY ULTRA SHORT BLACK 8 (EU41),68.0,0.0,68.0,2022-01-30,2022-03-01,PAID,ACCREC,GBP,4cacb809-9720-4b76-ac1b-61fc42ba558f
6200,CASPER BLACK 5 (EU38),0.0,0.0,0.0,2022-01-24,2022-01-24,PAID,ACCREC,GBP,ef638c24-44fc-4167-90d1-f37217df3c6a
6200,COSY ULTRA SHORT BLACK 3 (EU36),0.0,0.0,0.0,2022-02-12,2022-02-12,PAID,ACCREC,GBP,56d966ac-acce-4284-9d0d-95a99f00f651
4000,"MOOC017BL-WW MOOCHAS CURLYWHISKY
",75350.0,15070.0,90420.0,2021-09-22,2021-10-22,PAID,ACCREC,GBP,30a79422-fc68-4f46-bbe8-c9f74cc99514
6200,DOER FLY LOGO CREAM 4 (EU37),0.0,0.0,0.0,2022-03-29,2022-03-29,PAID,ACCREC,GBP,6ce7c63d-391e-4105-aca6-27813331b264
6200,MARCOS CHESTNUT CONSTELLATION 5 (EU38),0.0,0.0,0.0,2022-04-01,2022-04-01,PAID,ACCREC,GBP,57de6793-aceb-458c-832a-8d1f9ab02dd4
6200,Australia Luxe Collective Boot and Slipper Care Kit,4.5,0.0,4.5,2022-03-19,2022-03-19,PAID,ACCREC,GBP,02e020aa-3fbd-41b4-a15b-ec4f17d1edd6
6200,Australia Luxe Collective Boot and Slipper Care Kit,4.5,0.0,4.5,2022-03-20,2022-03-20,PAID,ACCREC,GBP,afd6f3a7-c755-4676-bdb2-65abc1490438
6200,Australia Luxe Collective Boot and Slipper Care Kit,4.5,0.0,4.5,2022-03-25,2022-03-25,PAID,ACCREC,GBP,39e8e0f6-fcae-4e6f-be07-074a360e8cbb
6200,Australia Luxe Collective Boot and Slipper Care Kit,4.5,0.0,4.5,2022-03-28,2022-03-28,PAID,ACCREC,GBP,b7c2a399-26d0-4594-b7ea-1dee7f6df4b3
6200,Australia Luxe Collective Boot and Slipper Care Kit,4.5,0.0,4.5,2022-03-28,2022-03-28,PAID,ACCREC,GBP,595ed0fd-36a7-4d3a-9ca9-e07c19dd4d4f
4002,MARCOS CHESTNUT CONSTELLATION 5 (EU38),102.08,20.42,122.5,2022-04-01,2022-04-01,PAID,ACCREC,GBP,ffd98133-a4a1-4391-8edb-ccd60c1cde54
,Australia Luxe Collective Boot and Slipper Care Kit,4.5,0.0,4.5,2022-04-08,2022-04-08,PAID,ACCREC,GBP,dbf1c5cd-e15d-4b69-9fef-04bc9e7995b5
,Australia Luxe Collective Boot and Slipper Care Kit,4.5,0.0,4.5,2022-04-12,2022-04-12,PAID,ACCREC,GBP,b50430bc-0170-44ca-9a4e-e1f30a88d5aa
,Australia Luxe Collective Boot and Slipper Care Kit,4.5,0.0,4.5,2022-04-17,2022-04-17,PAID,ACCREC,GBP,91e4ca6f-4dbe-4a4f-8231-44560d1afe97
4002,COSY TALL GREY 6 (EU39),107.71,21.54,129.25,2022-04-18,2022-04-18,PAID,ACCREC,GBP,4b437d63-a10d-4462-803e-71f4dff4faed
6201,.,70.0,0.0,70.0,2022-03-10,2022-04-09,PAID,ACCPAY,GBP,b38381af-2ff8-4d4a-a16e-30d8d0fc5ac4
6201,.,70.0,0.0,70.0,2022-03-14,2022-04-13,PAID,ACCPAY,GBP,8a2c06fa-7862-4cd0-bfc4-22253133e361
6201,.,70.0,0.0,70.0,2022-03-21,2022-04-20,PAID,ACCPAY,GBP,a29e6938-bf03-4094-a748-7c268dc850fc
6201,.,70.0,0.0,70.0,2022-03-28,2022-04-27,PAID,ACCPAY,GBP,95d5e182-bb17-4033-a1a9-b0284866b6d2
6201,.,70.0,0.0,70.0,2022-04-04,2022-05-04,PAID,ACCPAY,GBP,72f887d7-7db3-4a27-874b-e5f40b9b2079
6201,.,70.0,0.0,70.0,2022-04-18,2022-05-18,PAID,ACCPAY,GBP,08d0bc0e-c870-4988-9fe3-42d0ccbd2e46
4002,CLOSED MULE SLIPPERS SUEDE SAND M (39-40),84.08,16.82,100.9,2021-08-04,2021-08-04,PAID,ACCREC,GBP,614993a5-afd0-4e35-9e8e-0cf6cb64b742
4002,MEN'S SLIPPERS SLING BACK IN BLACK M (UK9-10),179.17,35.83,215.0,2021-07-29,2021-07-29,PAID,ACCREC,GBP,46dbb9fd-a9ea-4223-b7d4-5191caf411b5
4002,MULE SLING BACK CHESTNUT 5 (38),89.09,17.81,106.9,2021-07-24,2021-07-24,PAID,ACCREC,GBP,d6156259-3319-46b5-8278-ecd73992a43b
4002,MUCHAS BUFF LEATHER SADDLE 4 (37),71.67,14.33,86.0,2021-07-27,2021-07-27,PAID,ACCREC,GBP,58be7982-c33e-49b8-b405-91cb6da5e484
4002,COSY SHORT SUEDE SAND 4 (37),95.83,19.17,115.0,2021-07-27,2021-08-27,PAID,ACCREC,GBP,b4125d53-4ace-4e21-bb8f-fe7096012ca6
4002,FEEL SAND 5 (38),152.41,30.49,182.9,2021-07-27,2021-07-27,PAID,ACCREC,GBP,56755c99-317e-496c-9acd-ddf0119ecb7d
6200,TOUCH NAVY 4 (37) ,0.0,0.0,0.0,2021-09-06,2021-09-06,PAID,ACCREC,GBP,c7c69fc4-2b52-463c-bd6f-2a81ac67c363
6200,X-COSY SHORT BLACK 6 (39) ,0.0,0.0,0.0,2021-11-05,2021-11-05,PAID,ACCREC,GBP,3b49f5e0-e748-4c54-914f-ec28eba91184
6200,TOUCHE WULFF BROWN 7 (40),0.0,0.0,0.0,2021-10-02,2021-10-02,PAID,ACCREC,GBP,e12870b1-e309-449e-bcb7-5ca60526e11b
4000,100%,127625.2,0.0,127625.2,2021-07-15,2021-07-16,DELETED,ACCREC,EUR,ab62121d-b105-4083-bae4-404d3357dcdb
4000,"100%
(10,028 UNITS FW21)",224457.6,0.0,224457.6,2021-07-15,2021-07-16,PAID,ACCREC,EUR,40e5987f-cd2b-4629-9d0a-600710d0b400
6205,.,72.99,0.0,72.99,2022-04-21,2022-05-21,PAID,ACCPAY,USD,8724132d-8bdd-4d72-bec5-50dcdadd7e19
6201,.,70.0,0.0,70.0,2022-04-25,2022-05-25,PAID,ACCPAY,GBP,14385617-7195-4152-b7d7-052b658904d2
4002,CLOSED MULE SLIPPERS SUEDE GREY S (37-38),357.49,71.51,429.0,2021-12-13,2021-12-13,PAID,ACCREC,GBP,556ec923-cd90-48e5-8cfd-f9e600ed8c40
4002,COSY ULTRA SHORT BUFF PALE 5 (EU38),388.34,77.66,466.0,2021-10-19,2021-10-19,PAID,ACCREC,GBP,45c2efaa-c8e0-4f1a-8512-98020eb9389e
6200,Australia Luxe Collective Boot and Slipper Care Kit,4.5,0.0,4.5,2022-03-19,2022-03-19,PAID,ACCREC,GBP,461a8822-9327-4db5-8e7b-f7bb422f5ba4
6200,Australia Luxe Collective Boot and Slipper Care Kit,4.5,0.0,4.5,2022-03-17,2022-03-17,PAID,ACCREC,GBP,edfa21db-c79d-4088-b74a-31e381c30b5b
6901,.,446.04,0.0,446.04,2022-02-28,2022-03-30,PAID,ACCPAY,GBP,cb3c480e-0063-4e56-a71d-79e1443b1390
6901,.,1990.39,0.0,1990.39,2021-12-10,2022-01-09,PAID,ACCPAY,GBP,12cf4c9c-59f6-47fd-a0a5-f6ecd5f0a95d
6901,.,2836.9,567.38,3404.28,2022-02-28,2022-03-30,PAID,ACCPAY,GBP,f6595e89-07d5-43e1-9943-629d8b8504af
6901,.,1213.33,0.0,1213.33,2021-11-30,2021-12-30,PAID,ACCPAY,GBP,a70adbea-9fe3-499b-adef-5baf780e8afb
6901,.,670.0,0.0,670.0,2022-02-28,2022-03-30,PAID,ACCPAY,GBP,4e7bfc6c-e833-4606-b175-84d535daf1f2
6901,.,20.0,4.0,24.0,2022-03-01,2022-03-31,PAID,ACCPAY,GBP,e0c160a2-71c9-4520-bca5-acdacc40f0a6
6101,Email Marketing Blue Horizons March 22/April 22 @ 39.15 per month,78.3,0.0,78.3,2022-04-24,2022-05-24,PAID,ACCPAY,GBP,52962973-326f-467f-a9f7-6145dbf61a68
6100,Postage reclaim for shipping to Czech Republic (EVA),93.55,0.0,93.55,2022-03-21,2022-04-20,PAID,ACCPAY,GBP,d674c8c7-6f96-4d03-ad67-1445bd630b49
6901,.,1275.0,0.0,1275.0,2022-01-19,2022-02-18,PAID,ACCPAY,GBP,fa1bb337-f9fa-41d3-b121-6b8db1746813
,UK WHOLESALE COMMS FW21,5738.03,0.0,5738.03,2022-03-21,2022-04-20,PAID,ACCPAY,GBP,e78cf392-f27e-4b80-a168-9fe57851ec05
4000,BABY NORDIC CHESTNUT,37911.0,0.0,37911.0,2022-04-22,2022-04-22,PAID,ACCREC,EUR,a918412d-ec20-4d0a-9ae1-eb7f1c020515
4000,Final stock closeout payment for leftover stock (50% of original shipment),130933.6,0.0,130933.6,2022-04-04,2022-04-04,PAID,ACCREC,EUR,38732d42-da47-4c59-b2a0-4b87e2ce7764
6205,.,20.0,4.0,24.0,2022-04-01,2022-05-01,PAID,ACCPAY,GBP,b888dab7-0f71-4cc9-a497-f5e517d52af9
6901,.,446.04,0.0,446.04,2022-04-14,2022-05-14,PAID,ACCPAY,GBP,04dc1e30-2d65-4466-affb-7d467a8b140a
6901,.,4935.0,0.0,4935.0,2022-03-22,2022-04-21,PAID,ACCPAY,GBP,e13c49c5-2ed8-43bc-a41e-61b60f8de7db
6100,.,4062.13,812.43,4874.56,2022-03-21,2022-04-20,PAID,ACCPAY,GBP,69ce7abf-f5bb-4155-9cae-219cad83f85a
6901,.,2844.85,568.97,3413.82,2022-03-31,2022-04-30,PAID,ACCPAY,GBP,2584dd83-2fb3-4c78-90bc-a79d656d8d1b
6901,.,4.09,0.0,4.09,2022-03-31,2022-04-30,PAID,ACCPAY,GBP,d5c96f47-28ff-41bc-bad1-68210852611b
6201,.,244.55,48.91,293.46,2022-03-21,2022-04-20,PAID,ACCPAY,GBP,22656691-d086-4f63-8761-82e2aba5d0bd
6901,.,1025.08,0.0,1025.08,2022-03-24,2022-04-23,PAID,ACCPAY,GBP,c1868451-6556-43c0-b363-65817f902a91
6101,Commission stores/online outlets FW21/22 - CSH/HWS/VP/OUTNET/BAU,4062.13,0.0,4062.13,2022-03-21,2022-04-20,PAID,ACCPAY,GBP,3f5e04bf-b0cd-45ef-b3eb-07d4500135be
7607,USA Hours,3125.0,0.0,3125.0,2022-04-30,2022-05-30,PAID,ACCPAY,GBP,a5710f85-c87e-48c2-b7e4-4eaa9ca74c8e
5001,MANGEMENT FEE FOR SHIPMENT ON JAN.25  COVERING    Q'TY 850 PRS ,4721.92,0.0,4721.92,2022-01-15,2022-02-25,PAID,ACCPAY,USD,d78d04b3-04e2-4f68-96a0-acf149ca8fd2
4002,COSY SHORT BLACK 5 (38),95.83,19.17,115.0,2022-04-30,2022-04-30,PAID,ACCREC,GBP,e65c5330-7ad3-4c2a-9397-6bd3f2ea1f17
4002,DOER FLY LOGO CREAM 7 (EU40),96.66,19.33,115.99,2022-05-11,2022-05-11,PAID,ACCREC,GBP,35b46ff2-eb22-4a0d-b1cb-7fa3d06e2198
,Australia Luxe Collective Boot and Slipper Care Kit,4.5,0.0,4.5,2022-04-17,2022-04-17,VOIDED,ACCREC,GBP,b6102b97-e328-4167-9fe5-a5807c349306
4002,COSY TALL GREY 6 (EU39),107.71,21.54,129.25,2022-04-18,2022-04-18,VOIDED,ACCREC,GBP,4cd7a3bb-ee49-4001-bab0-ef299164a1b3
6200,Australia Luxe Collective Boot and Slipper Care Kit,4.5,0.0,4.5,2022-03-17,2022-03-17,PAID,ACCREC,GBP,e639b338-dbde-41e3-963f-f3c23d5fca45
6200,Australia Luxe Collective Boot and Slipper Care Kit,4.5,0.0,4.5,2022-03-17,2022-03-17,PAID,ACCREC,GBP,c952abef-e16c-4a7e-a3d9-b0b019473eed
6200,Australia Luxe Collective Boot and Slipper Care Kit,4.5,0.0,4.5,2022-03-19,2022-03-19,PAID,ACCREC,GBP,8c1377d1-197c-47cb-ba7f-798bdd804a25
6200,Australia Luxe Collective Boot and Slipper Care Kit,4.5,0.0,4.5,2022-03-25,2022-03-25,PAID,ACCREC,GBP,3b339530-5948-4178-b283-56f74c2cf3d1
6200,Australia Luxe Collective Boot and Slipper Care Kit,4.5,0.0,4.5,2022-03-25,2022-03-25,PAID,ACCREC,GBP,b603886c-b723-4c15-b606-62b06bab6775
6200,Australia Luxe Collective Boot and Slipper Care Kit,4.5,0.0,4.5,2022-03-27,2022-03-27,PAID,ACCREC,GBP,b6434fdd-8ecd-4d0b-9b8f-b739ba63da9a
6200,Australia Luxe Collective Boot and Slipper Care Kit,4.5,0.0,4.5,2022-03-30,2022-03-30,PAID,ACCREC,GBP,9be031a7-bc10-4752-89a8-82cacdcfde0f
6200,Australia Luxe Collective Boot and Slipper Care Kit,4.5,0.0,4.5,2022-03-30,2022-03-30,PAID,ACCREC,GBP,a6d5e053-752a-4ef6-bcee-b01a32c90f52
6200,Australia Luxe Collective Boot and Slipper Care Kit,4.5,0.0,4.5,2022-03-31,2022-03-31,PAID,ACCREC,GBP,647c54cc-58e4-4227-8f94-7f60f38fbe57
,Australia Luxe Collective Boot and Slipper Care Kit,4.5,0.0,4.5,2022-04-01,2022-04-01,PAID,ACCREC,GBP,dce14315-04f2-40dd-a670-afc0eef4ddc7
,Australia Luxe Collective Boot and Slipper Care Kit,4.5,0.0,4.5,2022-04-03,2022-04-03,PAID,ACCREC,GBP,9fc2ed38-fa0e-41ef-9a55-b2a4c1e3035a
4002,SLOUCH TALL BLACK 8 (EU41),144.08,28.82,172.9,2022-04-03,2022-04-03,PAID,ACCREC,GBP,738477a1-55ec-4883-b145-64b5dcdf4c26
,Australia Luxe Collective Boot and Slipper Care Kit,4.5,0.0,4.5,2022-04-04,2022-04-04,PAID,ACCREC,GBP,e9630a11-58ce-4bc9-9bcb-7d2fb0279ade
,Australia Luxe Collective Boot and Slipper Care Kit,4.5,0.0,4.5,2022-04-04,2022-04-04,PAID,ACCREC,GBP,ed62f231-e5de-43dd-a635-fab6a7b0542e
,Australia Luxe Collective Boot and Slipper Care Kit,4.5,0.0,4.5,2022-04-07,2022-04-07,PAID,ACCREC,GBP,2b2503f1-6699-46d0-81c2-64a72a2bf66d
,Australia Luxe Collective Boot and Slipper Care Kit,4.5,0.0,4.5,2022-04-09,2022-04-09,PAID,ACCREC,GBP,305ef4f8-f847-4c54-917a-7e39eea752ef
,Australia Luxe Collective Boot and Slipper Care Kit,4.5,0.0,4.5,2022-04-09,2022-04-09,PAID,ACCREC,GBP,42d23e33-9ce2-4ef8-9c6d-2d6f3134b767
,Australia Luxe Collective Boot and Slipper Care Kit,4.5,0.0,4.5,2022-04-10,2022-04-10,PAID,ACCREC,GBP,74d1df7e-1b36-4d79-8cff-1dd949890236
,Australia Luxe Collective Boot and Slipper Care Kit,4.5,0.0,4.5,2022-04-15,2022-04-15,PAID,ACCREC,GBP,c9125e91-029e-4c6a-8479-6259cdd069f1
,Australia Luxe Collective Boot and Slipper Care Kit,4.5,0.0,4.5,2022-04-27,2022-04-27,PAID,ACCREC,GBP,87983cdc-0522-417b-8bcb-83e7b672f3f6
,Australia Luxe Collective Boot and Slipper Care Kit,4.5,0.0,4.5,2022-04-29,2022-04-29,PAID,ACCREC,GBP,1b690426-3915-4ef6-a22b-ee551372ed76
,Australia Luxe Collective Boot and Slipper Care Kit,4.5,0.0,4.5,2022-05-05,2022-05-05,PAID,ACCREC,GBP,8e2e1fe0-6ca1-42e9-9a4e-34c1d802f08e
,Australia Luxe Collective Boot and Slipper Care Kit,4.5,0.0,4.5,2022-05-07,2022-05-07,PAID,ACCREC,GBP,e89491ef-85c1-413f-a872-27346c968841
4002,COSY ULTRA SHORT BEVA 8 (EU41),72.83,14.57,87.4,2022-05-11,2022-05-11,PAID,ACCREC,GBP,46ce7d3b-57bf-4a58-80a7-87fe8fa87aab
6200,Australia Luxe Collective Boot and Slipper Care Kit,14.5,0.0,14.5,2022-03-29,2022-03-29,PAID,ACCREC,GBP,2ad4318e-ffec-4668-8ba4-e60762b0b6da
,Australia Luxe Collective Boot and Slipper Care Kit,4.5,0.0,4.5,2022-04-24,2022-04-24,PAID,ACCREC,GBP,d8ce7a02-52ef-4b8e-9968-d6c5abeb8e8a
,Australia Luxe Collective Boot and Slipper Care Kit,4.5,0.0,4.5,2022-05-02,2022-05-02,PAID,ACCREC,GBP,eb648eec-6d2a-4a18-a50d-43e77792b433
6201,.,39.15,0.0,39.15,2022-03-22,2022-03-22,VOIDED,ACCPAY,GBP,b5e94cd0-f214-45e4-a21b-55350f72ba10
6201,.,39.15,0.0,39.15,2022-04-22,2022-04-22,VOIDED,ACCPAY,GBP,3fc6fac1-c6ae-4b69-b995-9b8c30923be9
,Australia Luxe Collective Boot and Slipper Care Kit,4.5,0.0,4.5,2022-05-13,2022-05-13,PAID,ACCREC,GBP,ba0703c8-62dd-4d99-82d7-0ee47c8c1010
,Australia Luxe Collective Boot and Slipper Care Kit,4.5,0.0,4.5,2022-05-17,2022-05-17,PAID,ACCREC,GBP,9ad751cf-2f81-4a10-9e9a-4682c58e1a6d
,Australia Luxe Collective Boot and Slipper Care Kit,4.5,0.0,4.5,2022-05-12,2022-05-12,PAID,ACCREC,GBP,47a0e7a5-6f98-4093-af26-8cb5a554d14b
,Australia Luxe Collective Boot and Slipper Care Kit,4.5,0.0,4.5,2022-05-15,2022-05-15,PAID,ACCREC,GBP,f67f900d-2090-4f34-a86d-f91e2f646cca
6205,.,20.0,4.0,24.0,2022-05-01,2022-05-31,PAID,ACCPAY,GBP,c0dc2160-c363-4f32-b23a-7fe7abb19c7d
7607,USA Hours,2500.0,0.0,2500.0,2022-05-30,2022-06-29,PAID,ACCPAY,GBP,49a9954c-6955-4795-8542-117787367886
6901,.,2427.05,485.41,2912.46,2022-04-30,2022-05-30,PAID,ACCPAY,GBP,1ed778e3-a8de-4c00-b9a1-509cb375aa24
,UK WHOLESALE COMMS FW21,5985.4,0.0,5985.4,2022-05-31,2022-06-30,PAID,ACCPAY,GBP,eb612b0b-ec36-478a-b5f9-15acf6241b2f
4000,TRU021WVG-NT#38 5056445044395,2378.6,0.0,2378.6,2022-06-03,2022-07-03,DELETED,ACCREC,EUR,78d33798-b841-4ff5-abbc-3af50af415af
7606,W/C 23/5 10 hours@£10/hr,100.0,0.0,100.0,2022-05-26,2022-06-25,PAID,ACCPAY,GBP,5827dbbb-646f-4eae-a9d1-4bbcd3441d3c
6201,.,70.0,0.0,70.0,2022-05-30,2022-06-29,PAID,ACCPAY,GBP,17523e43-095d-40d4-a7c8-f365d60d840b
6201,.,70.0,0.0,70.0,2022-05-23,2022-06-22,PAID,ACCPAY,GBP,b97c9f8d-4226-485c-8679-e8b41596af3d
6201,.,70.0,0.0,70.0,2022-05-16,2022-06-15,PAID,ACCPAY,GBP,a90f3ab9-27dd-462b-baf4-6f043c6d8b8c
6201,.,70.0,0.0,70.0,2022-05-09,2022-06-08,PAID,ACCPAY,GBP,4a8aaba1-61cd-4bdd-8745-6d5347471c21
6201,.,70.0,0.0,70.0,2022-06-06,2022-07-06,PAID,ACCPAY,GBP,650b4593-d1de-46ae-b4a1-946d1989e99f
6200,AHOY NATURAL 6 (EU39),0.0,0.0,0.0,2022-05-23,2022-05-23,PAID,ACCREC,GBP,8dc957c0-a458-4558-8c63-81d70fc30b9c
4002,COSY TALL CHESTNUT 6 (EU39),52.91,10.59,63.5,2022-05-31,2022-05-31,PAID,ACCREC,GBP,9da7fc2f-e2b0-4306-b28c-167f61ebadfd
4002,COSY SHORT BUFF WHISKY 7 (40),127.5,25.49,152.99,2022-05-31,2022-05-31,PAID,ACCREC,GBP,81c3d318-ada7-46aa-87e7-7eef97901909
,Australia Luxe Collective Boot and Slipper Care Kit,4.5,0.0,4.5,2022-05-23,2022-05-23,PAID,ACCREC,GBP,23eae9b2-f84a-4602-827f-0051cf166d43
,Australia Luxe Collective Boot and Slipper Care Kit,4.5,0.0,4.5,2022-05-25,2022-05-25,PAID,ACCREC,GBP,32267fcc-e984-45bb-8946-1334d397534d
,Australia Luxe Collective Boot and Slipper Care Kit,4.5,0.0,4.5,2022-05-28,2022-05-28,PAID,ACCREC,GBP,3aa2431d-3225-4a71-8e54-e704e69f1e5d
,Australia Luxe Collective Boot and Slipper Care Kit,4.5,0.0,4.5,2022-05-28,2022-05-28,PAID,ACCREC,GBP,a158c271-dc5b-4a33-bfdf-d8a815f94316
4004,COSY SATIN PALE 4 (EU37),92.75,0.0,92.75,2022-02-16,2022-03-18,PAID,ACCREC,GBP,f4441c28-4724-4626-b54f-a28a93df385a
4004,PROST DUSK SUEDE 3 (EU36),140.16,0.0,140.16,2022-01-29,2022-02-28,PAID,ACCREC,GBP,c2af4626-94f8-444c-84da-5f6594c9b7a8
6201,.,70.0,0.0,70.0,2022-06-13,2022-07-13,PAID,ACCPAY,GBP,fdd6fa6c-f1fe-4db6-b6f9-ead630b028f0
4000,AHE322VG-NT WHITE,1691.0,338.2,2029.2,2022-05-13,2022-05-27,PAID,ACCREC,GBP,7b7fd210-8996-4847-9d6e-3e7319bf3b2e
,Australia Luxe Collective Boot and Slipper Care Kit,4.5,0.0,4.5,2022-06-08,2022-06-08,PAID,ACCREC,GBP,52cd75c9-9560-46bd-8ebf-2398ace8186c
,Australia Luxe Collective Boot and Slipper Care Kit,4.5,0.0,4.5,2022-06-03,2022-06-03,PAID,ACCREC,GBP,fe16636d-855b-4def-982e-84c05b94ac27
4004,CLOSED MULE SLIPPERS SUEDE GREY L (40-41),180.25,0.0,180.25,2022-05-31,2022-05-31,PAID,ACCREC,GBP,c0838c97-3896-42bf-b42c-79d1c4d2925a
4004,CLOSED MULE SLIPPER BUFF LEATHER PALE L (41-42),320.25,0.0,320.25,2022-06-06,2022-06-06,PAID,ACCREC,GBP,b3366dd3-c74f-4176-99db-90f250439411
6201,.,70.0,0.0,70.0,2022-06-20,2022-07-20,PAID,ACCPAY,GBP,6b0efa24-6b23-44f4-a759-294376e0659b
6201,.,70.0,0.0,70.0,2022-06-27,2022-07-27,PAID,ACCPAY,GBP,0999dcc0-890d-4d4d-b649-b0f25229b63d
,Australia Luxe Collective Boot and Slipper Care Kit,4.5,0.0,4.5,2022-06-21,2022-06-21,PAID,ACCREC,GBP,6d99ff60-fdc1-44e5-8a8b-216d794e5ce5
,Australia Luxe Collective Boot and Slipper Care Kit,4.5,0.0,4.5,2022-06-22,2022-06-22,PAID,ACCREC,GBP,136d314a-bccf-4367-9952-bd6158f8e336
,Australia Luxe Collective Boot and Slipper Care Kit,14.5,0.0,14.5,2022-06-27,2022-06-27,PAID,ACCREC,GBP,ac267530-ff05-4837-ba53-a1b1cceb9c79
,Australia Luxe Collective Boot and Slipper Care Kit,4.5,0.0,4.5,2022-06-27,2022-06-27,PAID,ACCREC,GBP,584b98d8-f9c6-4577-a95c-810595230525
,Australia Luxe Collective Boot and Slipper Care Kit,4.5,0.0,4.5,2022-06-27,2022-06-27,PAID,ACCREC,GBP,8224b114-949e-4da9-9981-cd9c832c3648
7607,USA Hours,3375.0,0.0,3375.0,2022-06-30,2022-07-30,PAID,ACCPAY,GBP,6fd2e23c-1c8f-4ddf-9f29-9a81fe76c61f
,Australia Luxe Collective Boot and Slipper Care Kit,4.5,0.0,4.5,2022-06-25,2022-06-25,PAID,ACCREC,GBP,81d89dfc-ce37-4003-944d-201f714b63e1
,Australia Luxe Collective Boot and Slipper Care Kit,4.5,0.0,4.5,2022-06-24,2022-06-24,PAID,ACCREC,GBP,fb0599d4-9f9a-47a7-9da4-9e5f79ba891e
4000,ANG202LW-PA#37 5056445029262,12022.02,0.0,12022.02,2022-03-17,2022-03-24,PAID,ACCREC,EUR,7f16ec71-9407-4b36-bc8c-dabfb084baf3
6205,.,72.99,0.0,72.99,2022-06-20,2022-06-20,PAID,ACCPAY,USD,59a26329-7c3d-4cf2-951b-8b22c1930b13
6101,Email Marketing Blue Horizons May 22/June 22 @ 39.15 per month,78.3,0.0,78.3,2022-06-29,2022-07-29,PAID,ACCPAY,GBP,56a65bbe-0b43-4d18-a2a7-d525262dd843
6901,.,6.53,0.0,6.53,2022-05-31,2022-06-30,PAID,ACCPAY,GBP,b5bf2ef5-0af7-4bf1-b970-7bc5b33c15c8
6901,.,188.68,0.0,188.68,2022-06-22,2022-07-22,PAID,ACCPAY,GBP,408c6ceb-122b-45e1-825c-23abb23d4e93
5003,.,280.0,0.0,280.0,2022-06-07,2022-07-07,PAID,ACCPAY,GBP,20ab4099-d9a4-430d-a221-e120b06d63ba
5003,.,45.2,0.0,45.2,2022-06-24,2022-07-24,PAID,ACCPAY,GBP,3036a84d-ade8-44ae-b3eb-45b4ff9aac0c
6901,.,20.0,4.0,24.0,2022-05-31,2022-06-30,PAID,ACCPAY,GBP,49b49a60-254c-4f08-9cc9-71440adcc201
6901,.,10.47,0.0,10.47,2022-06-30,2022-07-30,PAID,ACCPAY,GBP,9ec93ef3-aaeb-4ed7-bb10-6d759a918b9e
4000,MUCHAS LUXEBLACK4 (EU37),2624.0,524.8,3148.8,2021-09-10,2021-10-10,PAID,ACCREC,GBP,0a565fe6-82a5-478c-bce8-2f432697e7c2
7607,USA Hours,2500.0,0.0,2500.0,2022-03-29,2022-04-28,PAID,ACCPAY,GBP,932d5149-e1be-468b-8bc5-481c9e4f6ad2
7604,.,322.0,64.4,386.4,2022-06-23,2022-07-23,PAID,ACCPAY,GBP,407149c7-8c79-4ca6-ae48-c13dd41bd85e
7606,W/C hours @ 10/hr,50.0,0.0,50.0,2022-06-09,2022-07-09,PAID,ACCPAY,GBP,1a1cbd75-20d9-40e2-83f2-5164b88f23fe
4000,COS203BL-WW COSY SHORT BUFF WHISKY 4 (EU37),1672.0,334.4,2006.4,2021-09-10,2021-10-10,PAID,ACCREC,GBP,151ea0b0-3596-4c34-ab59-563852ba0c44
8201,.,3400.0,0.0,3400.0,2022-03-28,2022-04-27,PAID,ACCPAY,GBP,f70402ac-af4b-4385-b869-ff149d1b4633
6100,Commissions till 30th July,2252.16,0.0,2252.16,2021-07-27,2021-08-27,PAID,ACCPAY,GBP,cccf14bb-9951-4479-98d6-86189f10de0f
6201,Brand Partnership Integration Fee,1500.0,300.0,1800.0,2022-03-29,2022-03-30,PAID,ACCPAY,GBP,e36599e3-8208-4ed2-adcf-0afdd1a98c1d
6901,.,457.2,0.0,457.2,2021-11-22,2021-12-22,PAID,ACCPAY,GBP,5dc3696e-0ba2-4001-9e62-0de1a79a80af
6901,.,2112.51,422.5,2535.01,2022-06-30,2022-07-30,PAID,ACCPAY,GBP,03a410ca-5ce9-4eeb-b73f-1d796e201619
6901,.,446.04,0.0,446.04,2022-05-18,2022-06-17,PAID,ACCPAY,GBP,5e8f139d-9c0d-4ae3-bf55-500fe3a1a922
6901,.,2757.24,551.45,3308.69,2022-05-31,2022-06-30,PAID,ACCPAY,GBP,c0d4f9cc-83ce-42a4-a633-ba49dd70ed6f
6901,.,550.0,0.0,550.0,2022-05-30,2022-06-29,PAID,ACCPAY,GBP,ca9056a7-c1b3-43e9-9fb2-d7a5fd2529da
6901,.,1704.08,0.0,1704.08,2022-06-15,2022-07-15,PAID,ACCPAY,GBP,3cd767b0-3e12-4e28-a0e8-e84626449204
5000,6403990090 AHEARTY NATURAL WEAVE VEG DYED LEATHER,18887.68,0.0,18887.68,2022-01-15,2022-01-25,PAID,ACCPAY,USD,09c41030-3703-4252-8e6f-1949e5c95d63
,CMU206AM-BL ANTIQUE BLACK CLOSED MULE,24985.3,350000.0,374985.3,2022-05-18,2022-06-17,DELETED,ACCPAY,GBP,97d8b382-fe7c-42c0-bcc1-6b258a399d3f
5000,COS205BL-CW COSY ULTRA SHORT CROW,2486.4,0.0,2486.4,2022-05-18,2022-06-17,DELETED,ACCPAY,USD,0e091e7b-b728-404e-8fe7-911eaea3753c
5000,COS205BL-CW COSY ULTRA SHORT CROW,2486.4,0.0,2486.4,2022-05-18,2022-06-17,DELETED,ACCPAY,USD,3f2e333e-5c8e-4fe2-9e14-3354da72bc83
,ANG203LW-BL ANGEL SHORT  SATIN BLACK,53962.06,0.0,53962.06,2022-05-18,2022-06-17,DELETED,ACCPAY,GBP,b0f9f821-bb0c-42b8-871e-42e41a5eee98
5000,COS204N-BL COSY XTRA SHORT BLACK,35066.4,0.0,35066.4,2022-05-18,2022-06-17,PAID,ACCPAY,USD,da43860e-7be9-4ead-9596-ebc22773d58a
5000,COS204N-CH COSY XTRA SHORT CHESTNUT,27795.6,0.0,27795.6,2022-05-18,2022-06-17,PAID,ACCPAY,USD,d159a90e-1121-40cf-be11-edac06086b5c
5000,COS204N-BL COSY XTRA SHORT BLACK,8680.8,0.0,8680.8,2022-05-18,2022-06-17,PAID,ACCPAY,USD,a0af5377-7868-4312-8c71-4958d2dd7407
5000,COS204N-CH COSY XTRA SHORT CHESTNUT,8642.8,0.0,8642.8,2022-05-18,2022-06-17,PAID,ACCPAY,USD,82a17cda-09af-414a-815a-a666ef92e189
5000,ANG203LW-BL ANGEL SHORT  SATIN BLACK,75729.5,0.0,75729.5,2022-05-18,2022-06-17,PAID,ACCPAY,USD,bb76bff4-651c-499b-96aa-99e1a6f3ade5
5000,CMU206AM-BL ANTIQUE BLACK CLOSED MULE,24985.3,0.0,24985.3,2022-05-18,2022-06-17,AUTHORISED,ACCPAY,USD,8748b69c-48a3-4840-a084-ece7eb12a3fe
5000,COS205AM-BL COSY ULTRA SHORT ANTIQUE BLACK,42990.2,0.0,42990.2,2022-05-18,2022-06-17,AUTHORISED,ACCPAY,USD,47e57237-e224-4a86-bd5e-bc89f62b1385
5000,ANG203LW-BL ANGEL SHORT  SATIN BLACK,53962.06,0.0,53962.06,2022-05-18,2022-06-17,AUTHORISED,ACCPAY,USD,ca64d5eb-a3e5-4224-bd18-8a0b2b7aac76
5000,BMOC100AM-GO BABY MOC ANTIQUE GOLD,2564.4,0.0,2564.4,2022-05-18,2022-06-17,AUTHORISED,ACCPAY,USD,414a2a5d-157b-47bd-be26-d4b4a293db4d
5000,CUF111NP-BL CUFF GLOVES BLACK,3643.6,0.0,3643.6,2022-05-18,2022-06-17,AUTHORISED,ACCPAY,USD,0af2f586-6b74-4885-91ec-9cccb85697c1
5000,MCOS303N-BE MENS COSY SHORT BEVA,28737.75,0.0,28737.75,2022-05-18,2022-06-17,AUTHORISED,ACCPAY,USD,3a4ff59d-15e3-4ce6-bea7-fcf83a0ef03b
5000,CUF111N-BE CUFF GLOVES BEVA,10813.2,0.0,10813.2,2022-05-18,2022-06-17,PAID,ACCPAY,USD,2af6e8d0-9deb-4508-b960-6860b39d0584
5000,COS205BL-CW COSY ULTRA SHORT CROW,2856.9,0.0,2856.9,2022-05-18,2022-06-17,PAID,ACCPAY,USD,a55c3d74-0748-439a-b1ae-7bcd8dd2723e
4000,COSY SHORT SUEDE GREY 5 (38) 5056445001718 Till11,848.47,169.69,1018.16,2022-06-21,2022-06-28,PAID,ACCREC,GBP,772326ef-524d-4d0c-9586-1d0aca35f5f7
4000,SLOUCH TALLPALE4 (EU37),2396.0,479.2,2875.2,2021-09-10,2021-10-10,PAID,ACCREC,GBP,750da217-3526-4978-807e-d0774ffe5c34
4000,AHE322VG-NT#41 5056445042872,18896.95,0.0,18896.95,2022-06-03,2022-06-17,PAID,ACCREC,EUR,3bf98c69-ae64-4499-ac60-b443818c43a9
